source_path,destination_path,sha256,size_bytes,file_type,import_status,notes
reference/4022(c) Allocation Presentation 2020.pdf,reference/training/4022(c) Allocation Presentation 2020.pdf,5d0c0fb652c555847e5241d12dd5a5c04880eb86a293cce194dff2b6f84fcc94,425383,application/pdf,imported,Imported per approved mapping; source and destination SHA-256 match.
reference/4022(c) Amounts.pdf,reference/regulations/4022(c) Amounts.pdf,7154f8e0ce1fcee106007dd65f3c2085d13632264f4ea87267907d70219bbda6,280119,application/pdf,imported,Imported per approved mapping; source and destination SHA-256 match.
reference/Abandoned Sufficient Plans.pdf,reference/regulations/Abandoned Sufficient Plans.pdf,993436b84a7dd4ca234ae92d51236a3af487e2f318d3bf3a67ea0b68570d1008,103761,application/pdf,imported,Imported per approved mapping; source and destination SHA-256 match.
reference/Aggregate Limit on Benefits Payable from PBGC Funds.pdf,reference/regulations/Aggregate Limit on Benefits Payable from PBGC Funds.pdf,b9f9f912d6492446ea4c130e4c70e8662df8b2e9468a5909bcf610982d4654d5,426143,application/pdf,imported,Imported per approved mapping; source and destination SHA-256 match.
reference/Allocation of Assets - Priority Category 3.pdf,reference/regulations/Allocation of Assets - Priority Category 3.pdf,209c4a8e7479d20de9b033e9f68c7cc8196b5a60d14813281c020066ce881ca4,371783,application/pdf,imported,Imported per approved mapping; source and destination SHA-256 match.
reference/Annuity Benefit Forms.pdf,reference/regulations/Annuity Benefit Forms.pdf,76b58dbfbfd170d18a95f6affd9290cbcc81ea4619576b5690158b7d6a026119,380390,application/pdf,imported,Imported per approved mapping; source and destination SHA-256 match.
reference/Annuity Starting Dates.pdf,reference/regulations/Annuity Starting Dates.pdf,8bda43077ec023a7dad86cfa7c83a1e13994fc05679d8df00e48115a6cfac911,275369,application/pdf,imported,Imported per approved mapping; source and destination SHA-256 match.
reference/Asset Allocation Under ERISA 4044 2020.pdf,reference/training/Asset Allocation Under ERISA 4044 2020.pdf,d356e935a363001f01bf123503e959c76bc68fbee299d9ce87e91e6f5d31cfde,1025186,application/pdf,imported,Imported per approved mapping; source and destination SHA-256 match.
reference/Assignment and Alienation of Benefits.pdf,reference/regulations/Assignment and Alienation of Benefits.pdf,8db98ecd8e8a4c3c2a78809d4761361c4ca6873221c448f1c60cfd37b7037cb3,225238,application/pdf,imported,Imported per approved mapping; source and destination SHA-256 match.
reference/BCV ATPBGC (Add-ins).pdf,reference/field-catalogs/atpbgc/BCV ATPBGC (Add-ins).pdf,92d409b29c299bd50dde17502e019a7abdae00a48710890bcc08eb1a521929d5,1752968,application/pdf,imported,Imported per approved mapping; source and destination SHA-256 match.
reference/Beneficiaries.pdf,reference/regulations/Beneficiaries.pdf,39989bf0b1909bb84c04f8742f3bba8d62ea0d155bf6d48812e46eaa3057dcf8,458655,application/pdf,imported,Imported per approved mapping; source and destination SHA-256 match.
reference/Benefit Corrections.pdf,reference/regulations/Benefit Corrections.pdf,c50864a4b400a536a0e07b2c2a5693412e6df24d1ce932ee04fc9d33627de239,270320,application/pdf,imported,Imported per approved mapping; source and destination SHA-256 match.
reference/Benefit Liabilities - Priority Category 6.pdf,reference/regulations/Benefit Liabilities - Priority Category 6.pdf,93f2a40b3c874f1c424426a64923983667b6fdb81082530b1e9d20d88b891655,249884,application/pdf,imported,Imported per approved mapping; source and destination SHA-256 match.
reference/Benefit Limitations Under PPA 2006 - Section 436.pdf,reference/regulations/Benefit Limitations Under PPA 2006 - Section 436.pdf,886c9b5dcc4ae5fe3dcecd1ccc580dc68ec02224961157f615f0853b80f128d9,277398,application/pdf,imported,Imported per approved mapping; source and destination SHA-256 match.
reference/Benefit Payments Prior to Trusteeship.pdf,reference/regulations/Benefit Payments Prior to Trusteeship.pdf,eef4756d1227bc287ce2a8402aed69e94a3e861c3e48f9cecc798b882180df9b,159605,application/pdf,imported,Imported per approved mapping; source and destination SHA-256 match.
reference/Benefit Statement Guidance_Intro Training_2020.pdf,reference/training/Benefit Statement Guidance_Intro Training_2020.pdf,c0e095a8caf5d0a884e683356ce994440d4100ef4d2efea9177611a9b3a51168,645087,application/pdf,imported,Imported per approved mapping; source and destination SHA-256 match.
reference/Benefits Requiring Employer Consent.pdf,reference/regulations/Benefits Requiring Employer Consent.pdf,58bc26134040f7049f901cb199d65bca2cdcd40e67744dcf6b4d809c45f01b05,242086,application/pdf,imported,Imported per approved mapping; source and destination SHA-256 match.
reference/Black Lung Benefits Offsets.pdf,reference/regulations/Black Lung Benefits Offsets.pdf,81a51e343a32e0a483e7ee855574b918e2e3cffa10cca5fc5b0c5a1efe97e6e8,168357,application/pdf,imported,Imported per approved mapping; source and destination SHA-256 match.
reference/BSRS functions.txt,reference/field-catalogs/atpbgc/BSRS functions.txt,c1aaaba789bcad60e335d9e872eb2c69e7ce55258606b5769877496aa8239cd3,309,text/plain,imported,Imported per approved mapping; source and destination SHA-256 match.
reference/CASE_PROCESSING.txt,reference/training/internal/CASE_PROCESSING.txt,1f32ac8ec05f879eb8b7e2a0c8593d5a8c10c473032586c179beb1265724650f,266521,text/plain,imported,Post-import organizational adjustment moved the file into the internal training category; file bytes and SHA-256 are unchanged.
reference/case-lifecycle-d3.html,reference/training/case-lifecycle-d3.html,afc8c4e03b5a314ba9d54060338bbdcf06f0181d5724c97e3261a3a50ed11b08,10364,text/html,imported,Imported per approved mapping; source and destination SHA-256 match.
reference/case-lifecycle-mermaid-code.txt,reference/training/case-lifecycle-mermaid-code.txt,b13ac85b794c5b7274e95adf8403e67ac09da49c92759dbb97975b4b9edcd423,2396,text/plain,imported,Imported per approved mapping; source and destination SHA-256 match.
reference/case-lifecycle-plantuml-code.txt,reference/training/case-lifecycle-plantuml-code.txt,de975fb334d78176dc860d69e22c1e3f4e3a15611688f45238ddac121f04ccb2,3551,text/plain,imported,Imported per approved mapping; source and destination SHA-256 match.
reference/case.schema.json,reference/examples/case.schema.json,bfb04bd3cdb3bd790935f3bfa3b0253767c3c7eda973eb95fcfe48b700e07976,644,application/json,imported,Imported per approved mapping; source and destination SHA-256 match.
reference/Cash Balance Plans (Pre-PPA 2006).pdf,reference/regulations/Cash Balance Plans (Pre-PPA 2006).pdf,bfbda0c732af786a59450146fcb6f485cbe23f80774c3c6229986c3ebd57f18c,279528,application/pdf,imported,Imported per approved mapping; source and destination SHA-256 match.
reference/Computation and Netting of Post-DOPT Overpayments and Underpayments.pdf,reference/regulations/Computation and Netting of Post-DOPT Overpayments and Underpayments.pdf,62167d05a1b35e6d982a54173d383553aaeef73d7d7e62933387223b43043c93,192796,application/pdf,imported,Imported per approved mapping; source and destination SHA-256 match.
reference/current-policies.pdf,reference/regulations/current-policies.pdf,a20e0e0fdd87f6e65504f1ad03604ba1bcd733fa668fc176687ba5733ccc38b9,15711394,application/pdf,imported,Imported per approved mapping; source and destination SHA-256 match.
reference/d3-force-with-labels/class Graph.txt,reference/examples/d3-force-with-labels/class Graph.txt,924feb97c9a62c955855217d54780f6b8699d2419ff2aa191f179d9c0a2cb7e0,68299,text/x-c++,imported,Imported with source bundle-relative structure preserved.
reference/d3-force-with-labels/index.html,reference/examples/d3-force-with-labels/index.html,7f81b5e82664f48e4d1146a08365cce98aec9986e18c8bdd9da04cfc5eeafc9d,48267,text/html,imported,Imported with source bundle-relative structure preserved.
reference/d3-force-with-labels/json-data/GRAFO23384300.json,reference/examples/d3-force-with-labels/json-data/GRAFO23384300.json,ed4a48842208a53df7df4ef66b531c561fae79f1b3b1f239c8a86e73f7b977b5,89967,text/plain,imported,Imported with source bundle-relative structure preserved.
reference/d3-force-with-labels/json-data/miserables.json,reference/examples/d3-force-with-labels/json-data/miserables.json,164002539baad7d8a8763dd898654a2c9081ab2abd39663a8f7507b93d888fa1,18843,application/json,imported,Imported with source bundle-relative structure preserved.
reference/d3-force-with-labels/json-data/v1.json,reference/examples/d3-force-with-labels/json-data/v1.json,d9099b135e7882abbbb88b537dc68ba747e49ed645353a51d39b024bde1455c4,104215,application/json,imported,Imported with source bundle-relative structure preserved.
reference/d3-force-with-labels/miserables.html.html,reference/examples/d3-force-with-labels/miserables.html.html,7822148a80fe211787e81c5dd7962bbf313b71c30a34adbeb30c76cb9b857067,21291,text/html,imported,Imported with source bundle-relative structure preserved.
reference/DD.csv,reference/field-catalogs/atpbgc/DD.csv,c372216f4f59150242860fba3b41678c520bb0b78cbc566ac3d21b2021095954,174167,text/csv,imported,Imported per approved mapping; source and destination SHA-256 match.
reference/Disability Benefits.pdf,reference/regulations/Disability Benefits.pdf,00ef386f257987ce36f6e605cc33aa2bddfabe4b0eb49993d1b82326b6b0e0e3,384253,application/pdf,imported,Imported per approved mapping; source and destination SHA-256 match.
reference/Disqualified Plans.pdf,reference/regulations/Disqualified Plans.pdf,078a18e07f8998501002209fa25336c28245e3825eb17bf702e77d29e16cadf1,102007,application/pdf,imported,Imported per approved mapping; source and destination SHA-256 match.
reference/Due and Unpaid Employer Contributions (DUEC) Recovery.pdf,reference/regulations/Due and Unpaid Employer Contributions (DUEC) Recovery.pdf,0a242a5161f8bbc31fcd4d026c4297ed265609e4aa93aa037fe8b11452db1562,186329,application/pdf,imported,Imported per approved mapping; source and destination SHA-256 match.
reference/Earliest PBGC Retirement Date.pdf,reference/regulations/Earliest PBGC Retirement Date.pdf,b10d471c380ff98036928f0b929f73c7bfeda3d839a611a705d41f4b98ce92f3,150385,application/pdf,imported,Imported per approved mapping; source and destination SHA-256 match.
reference/Earnings-Offset Provisions.pdf,reference/regulations/Earnings-Offset Provisions.pdf,6c011affcabbf12e5974e1c2096b429d46ac5a036bbd8bb12339795a37c80316,584234,application/pdf,imported,Imported per approved mapping; source and destination SHA-256 match.
reference/EBAAM - Actuarial Training 2020.pdf,reference/training/EBAAM - Actuarial Training 2020.pdf,3f87484e456f42ec547ab9e3ec567eb02c0d82658e830861a2c02c4c883e5e60,112525,application/pdf,imported,Imported per approved mapping; source and destination SHA-256 match.
reference/ERISAfication.pdf,reference/regulations/ERISAfication.pdf,2c8e724f664f5ccfacc933e432defba1efb241584eb020b38fad31116fd2c383,167293,application/pdf,imported,Imported per approved mapping; source and destination SHA-256 match.
reference/Erroneous Commencement.pdf,reference/regulations/Erroneous Commencement.pdf,8c5177cbb45d7a90f5a944fe2b9bcf83c71c2aae539c82c30323b07fbc60ab61,247254,application/pdf,imported,Imported per approved mapping; source and destination SHA-256 match.
reference/Excess Assets in Trusteed Sufficient Plans.pdf,reference/regulations/Excess Assets in Trusteed Sufficient Plans.pdf,e805b458c69b522a9fd61fde31b24b5013946e07512cde8f12236eb132955b7f,153108,application/pdf,imported,Imported per approved mapping; source and destination SHA-256 match.
reference/Frequency of Benefit Payments.pdf,reference/regulations/Frequency of Benefit Payments.pdf,c5d21d514f2bfbcf2eec9c52577c305c34e7b1b7e3dc9aa6473f03272f89197e,280957,application/pdf,imported,Imported per approved mapping; source and destination SHA-256 match.
reference/general-samples.pdf,reference/examples/general-samples.pdf,9ce22fa8cba5832fcc2911cc0fd0d36be7815d7b06bc408d5f0c0bf0799004d9,454569,application/pdf,imported,Imported per approved mapping; source and destination SHA-256 match.
reference/Guardianships and Conservatorships.pdf,reference/regulations/Guardianships and Conservatorships.pdf,791145856364a18daa5fe72f9329227ed24b92ee567259f5aad34d485a69f4da,214743,application/pdf,imported,Imported per approved mapping; source and destination SHA-256 match.
reference/Installation-tools-complete.md,reference/training/Installation-tools-complete.md,c93c0e054ecba725e6d0305193b04aec96215355f12ea0afc120d706c817758b,10101,application/javascript,imported,Imported per approved mapping; source and destination SHA-256 match.
reference/Interim Trusteeship of Plans.pdf,reference/regulations/Interim Trusteeship of Plans.pdf,bc22bbc0615795bf5d082761ea57426d8e31fa629612c2399313b886131b919a,102801,application/pdf,imported,Imported per approved mapping; source and destination SHA-256 match.
reference/IOB row variable.txt,reference/field-catalogs/v1/IOB row variable.txt,d8344b4e0af4dc0d46e11c28b3c6e206516826d9cfa11ddec43498a3acdb4422,620,text/plain,imported,Imported per approved mapping; source and destination SHA-256 match.
reference/Late Retirement Benefits.pdf,reference/regulations/Late Retirement Benefits.pdf,7c664fb381f711d4122f58c0448588dc9ea6f962375de4f2f5d10ae8831ce9c3,252030,application/pdf,imported,Imported per approved mapping; source and destination SHA-256 match.
reference/Limited Scope Benefit Determinations.pdf,reference/regulations/Limited Scope Benefit Determinations.pdf,b343a1abc00e7f45d4b218f517fbcb1e09f00447fd221be67047f07cca68f71c,158095,application/pdf,imported,Imported per approved mapping; source and destination SHA-256 match.
reference/logo-negro.png,reference/source-materials/logo-negro.png,ea45a6e4fe83ada85456b83c1588eadbc43e04b559f55fd4bc48fa421886e551,2815,image/png,imported,Imported per approved mapping; source and destination SHA-256 match.
reference/logo.svg,reference/source-materials/logo.svg,1a56c5af86e79ab5085cd72ea39e6a070dd433bd3f99a24624dce52d579a9a56,3711,image/svg+xml,imported,Imported per approved mapping; source and destination SHA-256 match.
reference/Lump Sum Benefit Payments.pdf,reference/regulations/Lump Sum Benefit Payments.pdf,ce849fcce9fcce9f50595d4da2a6a1bdfc736fa3642a4cd74389a8951065f23e,242113,application/pdf,imported,Imported per approved mapping; source and destination SHA-256 match.
reference/Marriage Requirements.pdf,reference/regulations/Marriage Requirements.pdf,677111595826628a3e09f51c84ef7f51ff2a9153a458bf88ee4a70c73554a4b7,239312,application/pdf,imported,Imported per approved mapping; source and destination SHA-256 match.
reference/metadata-scraper-prompt.txt,reference/source-materials/metadata-scraper-prompt.txt,d6844e6c071da58d79c8a33c5dadbb47e9fda8e14aeb7bdf27906d181c25ca99,10043,text/plain,imported,Imported per approved mapping; source and destination SHA-256 match.
reference/Military Service - Treatment of Benefits Earned During.pdf,reference/regulations/Military Service - Treatment of Benefits Earned During.pdf,6688f2b313e52ae3bf7949ad0812922f993250320fc4501f19fffcdda9242350,205246,application/pdf,imported,Imported per approved mapping; source and destination SHA-256 match.
reference/Missing Participants Locators of Lost Funds.pdf,reference/regulations/Missing Participants Locators of Lost Funds.pdf,d706ec18c795ae484d543d610ed97edb5cfbf9e6436afae3382f016f6b92ac37,191455,application/pdf,imported,Imported per approved mapping; source and destination SHA-256 match.
"reference/Missing Participants Program, Expanded in 2018.pdf","reference/regulations/Missing Participants Program, Expanded in 2018.pdf",d6139a5e34324bce085643c01ef8fc00e8e3579d59a37c1e4de1c1a17e06fd57,273845,application/pdf,imported,Imported per approved mapping; source and destination SHA-256 match.
"reference/Missing Participants Program, Original.pdf","reference/regulations/Missing Participants Program, Original.pdf",ef21f2e2db61b8c968aae0a2dd9c3e4eceb3055debd4b9574b0e825e6d040005,235505,application/pdf,imported,Imported per approved mapping; source and destination SHA-256 match.
reference/output_contract_seed.v0.7.0.json,reference/field-catalogs/v1/output_contract_seed.v0.7.0.json,300c10fc04a1dfcff284970507807509edb6dd16443984bb55046017a05daa82,27576,application/json,imported,Imported per approved mapping; source and destination SHA-256 match.
reference/Paying and Converting Complex Benefit Forms.pdf,reference/regulations/Paying and Converting Complex Benefit Forms.pdf,65a7cb3e9b839f8078ba23950b6f72832e5466a36202d1054f8676dd67faa760,196203,application/pdf,imported,Imported per approved mapping; source and destination SHA-256 match.
reference/pbgc-436-webapp-v0.2.0/436_Evaluation_Template_v0.2.0.docx,reference/source-materials/pbgc-436-webapp-v0.2.0/436_Evaluation_Template_v0.2.0.docx,e4107db6126a80d0de394aad35d42c79c28ae98e8e09155e5c7e40e2ebfc348b,99011,application/vnd.openxmlformats-officedocument.wordprocessingml.document,imported,Imported with source bundle-relative structure preserved.
reference/pbgc-436-webapp-v0.2.0/app.js,reference/source-materials/pbgc-436-webapp-v0.2.0/app.js,b78896be4aaf6b8f1bd979a85c614683fab9721cecbbccdad63c99692d58bfcf,4719,text/x-Algol68,imported,Imported with source bundle-relative structure preserved.
reference/pbgc-436-webapp-v0.2.0/index.html,reference/source-materials/pbgc-436-webapp-v0.2.0/index.html,90515c4fc66e30db86cad3e7abea2b9fa3e716041d3d05c21c31895251bef2a2,3352,text/html,imported,Imported with source bundle-relative structure preserved.
reference/pbgc-436-webapp-v0.2.0/styles.css,reference/source-materials/pbgc-436-webapp-v0.2.0/styles.css,b7f21427727fd1c8d5e513a82ab18ec1e25ad01dab30234dd350c231e8c1da67,1515,text/x-asm,imported,Imported with source bundle-relative structure preserved.
reference/Plan File Types.pdf,reference/regulations/Plan File Types.pdf,206013bbf16d9c20de1c27dd59194f4171c1b70a60bb5e9c4037f53cc987f50a,382067,application/pdf,imported,Imported per approved mapping; source and destination SHA-256 match.
reference/Plan Loans.pdf,reference/regulations/Plan Loans.pdf,dab9aea1b3e2695709d94f8ac8b032bbba3f9361bc67941a40891b0386f0167f,259610,application/pdf,imported,Imported per approved mapping; source and destination SHA-256 match.
reference/Plan Recoveries - Valuation and Allocation.pdf,reference/regulations/Plan Recoveries - Valuation and Allocation.pdf,571cf60fe517eb2e08267098b6d3d2724e39f49bd0cf8227a387507fe3c386a3,286565,application/pdf,imported,Imported per approved mapping; source and destination SHA-256 match.
reference/plan_layer_info-json_schema.json,reference/source-materials/plan_layer_info-json_schema.json,c82252692bc9799021695914125f33c75c45dff0696fe113ca8933edad453739,14653,application/json,imported,Imported per approved mapping; source and destination SHA-256 match.
reference/plan-layer-object-variables.txt,reference/source-materials/plan-layer-object-variables.txt,3f5465f494d0dbba3bab8dcbb5c3666edb37bd036b38f2a01ebe4c43ee0f6b05,5055,text/plain,imported,Imported per approved mapping; source and destination SHA-256 match.
reference/plan-summary-rules.txt,reference/training/plan-summary-rules.txt,2094778fe29a061d4939872a55aaa7316b9502553906207096bef12f18fc96a4,13759,text/plain,imported,Imported per approved mapping; source and destination SHA-256 match.
reference/Plant Shutdown.pdf,reference/regulations/Plant Shutdown.pdf,4cd587fd67b8ed9f0fc0e1ded8c4f8a9ce471f74dc69d3d67305d744fab13be6,248524,application/pdf,imported,Imported per approved mapping; source and destination SHA-256 match.
reference/Power of Attorney.pdf,reference/regulations/Power of Attorney.pdf,f8ce60420e0385fa1778e6ed5475ec93125bf8ec435b31847bc8976d297523aa,292929,application/pdf,imported,Imported per approved mapping; source and destination SHA-256 match.
reference/PPA Bankruptcy.pdf,reference/regulations/PPA Bankruptcy.pdf,d18bb2cfb374ae876a6aac264f44058358724351e788e768fbbb2c0ecb28d5c7,277454,application/pdf,imported,Imported per approved mapping; source and destination SHA-256 match.
reference/Priority Category 2 Benefits Calculation.pdf,reference/regulations/Priority Category 2 Benefits Calculation.pdf,3bbd529f7c22374692fb1e8a85b400584645bc75020a0de4d6e46e95c32a627b,373554,application/pdf,imported,Imported per approved mapping; source and destination SHA-256 match.
reference/Priority Category 2 Benefits Payment.pdf,reference/regulations/Priority Category 2 Benefits Payment.pdf,f027da56f22a6e73200a8c4152ef1f9d505f41440c2d8f0d967d1da281a0d443,266352,application/pdf,imported,Imported per approved mapping; source and destination SHA-256 match.
reference/Qualified Domestic Relations Orders (QDRO).pdf,reference/regulations/Qualified Domestic Relations Orders (QDRO).pdf,226d99c7ca16a9994e1707740b2c14efe35bdfdc1e4d84df426e7f9940220932,326360,application/pdf,imported,Imported per approved mapping; source and destination SHA-256 match.
"reference/Qualified Preretirement Survivor Annuities - Plans terminating on and after August 23, 1984.pdf","reference/regulations/Qualified Preretirement Survivor Annuities - Plans terminating on and after August 23, 1984.pdf",8703dfe39cf43f26d2ca742f72bff9d5f59b8cf25ec9a26823e4695ebe8f5389,268669,application/pdf,imported,Imported per approved mapping; source and destination SHA-256 match.
reference/r5-items.txt,reference/training/r5-items.txt,edc5ac74003969e09f39867d4f63157565697c7f6fbbe2897ad7af7facc2ae90,4510,text/plain,imported,Imported per approved mapping; source and destination SHA-256 match.
reference/raw-approved-v1-engines/22074800V1Summary.json,reference/approved-v1-summaries/22074800V1Summary.json,381b08432c1be33dd588b79da872c30ec2c64a0220a7aaa6eab92ac3b29ea1d3,1001458,text/plain,imported,Imported per approved mapping; source and destination SHA-256 match.
reference/raw-approved-v1-engines/22114200V1Summary.json,reference/approved-v1-summaries/22114200V1Summary.json,08a750f8eacf9a7b0afdb0cf168b892f0aa5066ab140661f26ca1ece2ed57255,546715,text/plain,imported,Imported per approved mapping; source and destination SHA-256 match.
reference/raw-approved-v1-engines/22154600v1Summary.json,reference/approved-v1-summaries/22154600v1Summary.json,742c1b7aad8e0809426751d0baa9ea85afbb979accf54e56447316597697c807,410721,text/plain,imported,Imported per approved mapping; source and destination SHA-256 match.
reference/raw-approved-v1-engines/22195900V1Summary.json,reference/approved-v1-summaries/22195900V1Summary.json,0139eb0da3e3b803f3528b3313cb97fc9f440d6da4b349e3f36c0b09af73a21f,549112,text/plain,imported,Imported per approved mapping; source and destination SHA-256 match.
reference/raw-approved-v1-engines/22206800V1Summary.json,reference/approved-v1-summaries/22206800V1Summary.json,82b21030f2b9ccb765bcdd7228ae0e52f964e864490d6ceeb45464e19b86166f,2573153,text/plain,imported,Imported per approved mapping; source and destination SHA-256 match.
reference/raw-approved-v1-engines/22229700V1Summary.json,reference/approved-v1-summaries/22229700V1Summary.json,106efb1505ff3fbe97069e30b67faae00c977508227672afdc25f00f4c0595f0,712626,text/plain,imported,Imported per approved mapping; source and destination SHA-256 match.
reference/raw-approved-v1-engines/22250300V1Summary.json,reference/approved-v1-summaries/22250300V1Summary.json,40f4e840b70336897fae04e9f30317f800473da376736b516937c95d8aff9eeb,348460,text/plain,imported,Imported per approved mapping; source and destination SHA-256 match.
reference/raw-approved-v1-engines/22278800V1Summary.json,reference/approved-v1-summaries/22278800V1Summary.json,2c29e1654a41e354b55317f41a85cd72b483405d07c62646e2caa51f99b05602,574524,text/plain,imported,Imported per approved mapping; source and destination SHA-256 match.
reference/raw-approved-v1-engines/22284100v1Summary.json,reference/approved-v1-summaries/22284100v1Summary.json,982d95d470f01d345585b95c2dd659eb5dbcaf872a303a69b1d50acc7fd979fd,485924,text/plain,imported,Imported per approved mapping; source and destination SHA-256 match.
reference/raw-approved-v1-engines/22319700V1Summary.json,reference/approved-v1-summaries/22319700V1Summary.json,4dd020b9fcb377d975e669fe9fe9c13d790dc8de7ae6f2a5a2a5054cd1481e89,533615,text/plain,imported,Imported per approved mapping; source and destination SHA-256 match.
reference/raw-approved-v1-engines/22321500V1Summary.json,reference/approved-v1-summaries/22321500V1Summary.json,a0fa4a1b47d12ddc6b1f7870497449dc30c29483e5b6ff6bba9c9f2456c67f14,353652,text/plain,imported,Imported per approved mapping; source and destination SHA-256 match.
reference/raw-approved-v1-engines/22339400V1Summary.json,reference/approved-v1-summaries/22339400V1Summary.json,5a8640fbcf7fb4c72cfd0c568efb3e55ef3ba7b18640b66718e6542e011afc93,509828,text/plain,imported,Imported per approved mapping; source and destination SHA-256 match.
reference/raw-approved-v1-engines/22354600V1Summary.json,reference/approved-v1-summaries/22354600V1Summary.json,0398c7059bb716974f36dbf2d8992732f3842d8690ca41c20769a2e5369d2121,448205,text/plain,imported,Imported per approved mapping; source and destination SHA-256 match.
reference/raw-approved-v1-engines/22386400V1Summary.json,reference/approved-v1-summaries/22386400V1Summary.json,4c0439752882350b5472b77a12c4c3359091260b91146a026f0530e9861e8835,2467520,text/plain,imported,Imported per approved mapping; source and destination SHA-256 match.
reference/raw-approved-v1-engines/22392700V1Summary.json,reference/approved-v1-summaries/22392700V1Summary.json,ef3c3f5366d027a81fa192a8dea56f0ef3755e2b2ed99f16e6e9cdae32a9fa68,362240,text/plain,imported,Imported per approved mapping; source and destination SHA-256 match.
reference/raw-approved-v1-engines/22420700V1Summary.json,reference/approved-v1-summaries/22420700V1Summary.json,de4c78d5ecb907bcd30aae228ffe672ba91f78386f729b445f242baa5451bce7,215457,text/plain,imported,Imported per approved mapping; source and destination SHA-256 match.
reference/raw-approved-v1-engines/22438100V1Summary.json,reference/approved-v1-summaries/22438100V1Summary.json,58b5ecab12aa2e47e2a1a5c207785ac0b9524acb531be3b494880a6de42638d2,1006652,text/plain,imported,Imported per approved mapping; source and destination SHA-256 match.
reference/raw-approved-v1-engines/22459000V1Summary.json,reference/approved-v1-summaries/22459000V1Summary.json,1941ac1ab5c17a5b88c3b21578bd226a6e7919bfcd55500a9023315fa38a4330,321276,text/plain,imported,Imported per approved mapping; source and destination SHA-256 match.
reference/raw-approved-v1-engines/22460500V1Summary.json,reference/approved-v1-summaries/22460500V1Summary.json,13cfbb9bf9f04a4f914863d76642f28d400115e93d526699cdc35d3c3d7a9993,439328,text/plain,imported,Imported per approved mapping; source and destination SHA-256 match.
reference/raw-approved-v1-engines/22467100V1Summary.json,reference/approved-v1-summaries/22467100V1Summary.json,d71db07ca9dae26f3e5b618115057c8878940486da17cd2d2088d18b35a87f05,666079,text/plain,imported,Imported per approved mapping; source and destination SHA-256 match.
reference/raw-approved-v1-engines/22470300V1Summary.json,reference/approved-v1-summaries/22470300V1Summary.json,5396f8dc15aede687156843adc04153a957d36e57662fb3c07a3c039aa6b7605,670688,text/plain,imported,Imported per approved mapping; source and destination SHA-256 match.
reference/raw-approved-v1-engines/22474600V1Summary.json,reference/approved-v1-summaries/22474600V1Summary.json,87566715246ff16baf35389661093565999a06c8a26da6aadda4df27da8cb188,320378,text/plain,imported,Imported per approved mapping; source and destination SHA-256 match.
reference/raw-approved-v1-engines/22474700V1Summary.json,reference/approved-v1-summaries/22474700V1Summary.json,d8f4d78d2539528aac8cac356db7829254b7dbe4b491731cec387be17caa5456,230237,text/plain,imported,Imported per approved mapping; source and destination SHA-256 match.
reference/raw-approved-v1-engines/22474800V1Summary.json,reference/approved-v1-summaries/22474800V1Summary.json,7ac94c71a457a0c38dfd6b62752b1281324866948fee8428dba6c4a26b6f272b,1414600,text/plain,imported,Imported per approved mapping; source and destination SHA-256 match.
reference/raw-approved-v1-engines/22479500V1Summary.json,reference/approved-v1-summaries/22479500V1Summary.json,76728b6f63455a81d8a0e8d3e9ea313ffd2130f47502e74319397a9d29abf457,560525,text/plain,imported,Imported per approved mapping; source and destination SHA-256 match.
reference/raw-approved-v1-engines/22483400V1Summary.json,reference/approved-v1-summaries/22483400V1Summary.json,a0268dc3170e65dfafc3a1d863970808983577ca1c1dcf068e6bc726025e86b7,1268030,text/plain,imported,Imported per approved mapping; source and destination SHA-256 match.
reference/raw-approved-v1-engines/22491000V1Summary.json,reference/approved-v1-summaries/22491000V1Summary.json,588bffedc7c23118b255853f8290bb2cf256382b079870362a815f184487e316,738368,text/plain,imported,Imported per approved mapping; source and destination SHA-256 match.
reference/raw-approved-v1-engines/22512000V1Summary.json,reference/approved-v1-summaries/22512000V1Summary.json,de590cb83e8f498e25438c51b08b419de63c903cb9eb9e0b50cc2fcd58044f91,1051539,text/plain,imported,Imported per approved mapping; source and destination SHA-256 match.
reference/raw-approved-v1-engines/22512600v1Summary.json,reference/approved-v1-summaries/22512600v1Summary.json,07672b53532bf4d23e1a4772a93a5909845eec1eef2cceeeec6f8917d0618412,681285,text/plain,imported,Imported per approved mapping; source and destination SHA-256 match.
reference/raw-approved-v1-engines/22537400V1Summary.json,reference/approved-v1-summaries/22537400V1Summary.json,c43d5a706c53a46c921ea3a50817b5348bf998812e87b15635f8e5b98156a2cb,180386,text/plain,imported,Imported per approved mapping; source and destination SHA-256 match.
reference/raw-approved-v1-engines/22541800V1Summary.json,reference/approved-v1-summaries/22541800V1Summary.json,99580883d396dba65dc72db9fa093ab96ef8d18d48b86b54703075aef7f915cf,656443,text/plain,imported,Imported per approved mapping; source and destination SHA-256 match.
reference/raw-approved-v1-engines/22541900V1Summary.json,reference/approved-v1-summaries/22541900V1Summary.json,dc409a8308c8f5ff366d6e12974ad77fe115a4800e40af3b3635bad671fc973e,293971,text/plain,imported,Imported per approved mapping; source and destination SHA-256 match.
reference/raw-approved-v1-engines/22556600V1Summary.json,reference/approved-v1-summaries/22556600V1Summary.json,bb284647d35b62a53f4b98993b6183ad348cb2e531be3f4c851471c9c5ab7e5a,972377,text/plain,imported,Imported per approved mapping; source and destination SHA-256 match.
reference/raw-approved-v1-engines/22559000V1Summary.json,reference/approved-v1-summaries/22559000V1Summary.json,1e8e34bed4b003fbfd6378cfb8049ed82161a6aa7e60d61ea45ca89eab745e67,300508,text/plain,imported,Imported per approved mapping; source and destination SHA-256 match.
reference/raw-approved-v1-engines/22561900V1Summary.json,reference/approved-v1-summaries/22561900V1Summary.json,71f197fc61a3d4d40c9f5ce449a1845dac78ebabd1a7889adeadd698be69188b,586782,text/plain,imported,Imported per approved mapping; source and destination SHA-256 match.
reference/raw-approved-v1-engines/22578100V1Summary.json,reference/approved-v1-summaries/22578100V1Summary.json,549211bebbfb4a365dc44d2b9791f278d6f88bd1637fcd527688f9705ff3a232,217818,text/plain,imported,Imported per approved mapping; source and destination SHA-256 match.
reference/raw-approved-v1-engines/22578800v1Summary.json,reference/approved-v1-summaries/22578800v1Summary.json,f9d001d222f3d40217ecf8ee41ae38d6fd9b5c331e91da08c11d959376564eeb,570328,text/plain,imported,Imported per approved mapping; source and destination SHA-256 match.
reference/raw-approved-v1-engines/22593100V1Summary.json,reference/approved-v1-summaries/22593100V1Summary.json,e65637ff0985971e80678cf0590cdefb57a33dab0300518c2cb0383a5eb826d3,324017,text/plain,imported,Imported per approved mapping; source and destination SHA-256 match.
reference/raw-approved-v1-engines/22604200V1Summary.json,reference/approved-v1-summaries/22604200V1Summary.json,4af103ae94dba541ae04e5f70efb59d89d1920964ba9b6d7cf596f75b74ddcb6,252793,text/plain,imported,Imported per approved mapping; source and destination SHA-256 match.
reference/raw-approved-v1-engines/22622200V1Summary.json,reference/approved-v1-summaries/22622200V1Summary.json,6d9f2112f3f843ae405912517e1ea251ade104b4c0d870770c5db0b4e2e91290,259162,text/plain,imported,Imported per approved mapping; source and destination SHA-256 match.
reference/raw-approved-v1-engines/22622300V1Summary.json,reference/approved-v1-summaries/22622300V1Summary.json,418cdbf47f72d211f5dcc3e0fd9c128321ed9214d6d465ca2878f1fd5e794116,486205,text/plain,imported,Imported per approved mapping; source and destination SHA-256 match.
reference/raw-approved-v1-engines/22627500V1Summary.json,reference/approved-v1-summaries/22627500V1Summary.json,11fc693665701db8e1bd1ec1b3fb561cf68c7fa840d29385299d326f7679aa8b,177902,text/plain,imported,Imported per approved mapping; source and destination SHA-256 match.
reference/raw-approved-v1-engines/22643900V1Summary.json,reference/approved-v1-summaries/22643900V1Summary.json,3353fa9c35306999ebaf390d41862e70d033a5b693180c18c66c53de5c452d93,411538,text/plain,imported,Imported per approved mapping; source and destination SHA-256 match.
reference/raw-approved-v1-engines/22651700v1Summary.json,reference/approved-v1-summaries/22651700v1Summary.json,b0f84d9c67a04432d3422c50bdc5c4ce6f5f3cfa91fc299a8ea02126e52aacfe,510668,text/plain,imported,Imported per approved mapping; source and destination SHA-256 match.
reference/raw-approved-v1-engines/22654400V1Summary.json,reference/approved-v1-summaries/22654400V1Summary.json,4cbdd8fd44069ce5eda06a811f23db9feaf2d0db09e39e1996bdb093183ba211,585109,text/plain,imported,Imported per approved mapping; source and destination SHA-256 match.
reference/raw-approved-v1-engines/22654500V1Summary.json,reference/approved-v1-summaries/22654500V1Summary.json,1ca51a510da93e5a5cd8405421027ef8d14c4c132d77751c9348cc3bdc964029,143170,text/plain,imported,Imported per approved mapping; source and destination SHA-256 match.
reference/raw-approved-v1-engines/22655500V1Summary.json,reference/approved-v1-summaries/22655500V1Summary.json,4324897225233676586ea5e4dc554a6ee15dbece254f848834f9307290ad0852,558763,text/plain,imported,Imported per approved mapping; source and destination SHA-256 match.
reference/raw-approved-v1-engines/22660000V1Summary.json,reference/approved-v1-summaries/22660000V1Summary.json,3da1a4bba0a07ec473bb89a0fce5d19c3244592b6c44eefa6d1a07b3e93ab1f3,291209,text/plain,imported,Imported per approved mapping; source and destination SHA-256 match.
reference/raw-approved-v1-engines/22672000v1Summary.json,reference/approved-v1-summaries/22672000v1Summary.json,bca8850938a29304dd17dcf6f4f3f80076b70b730bd73b482c1b1956efe592ea,471687,text/plain,imported,Imported per approved mapping; source and destination SHA-256 match.
reference/raw-approved-v1-engines/22677500V1Summary.json,reference/approved-v1-summaries/22677500V1Summary.json,58c0105e8f37deb5bc0f702cd653c817f568be6ba99cb39de5a213677079a677,476818,text/plain,imported,Imported per approved mapping; source and destination SHA-256 match.
reference/raw-approved-v1-engines/22677600V1Summary.json,reference/approved-v1-summaries/22677600V1Summary.json,978e1d612df1018c4331242844e6e514b7347b3cef5c9a5fe1749eec6208ebf6,433055,text/plain,imported,Imported per approved mapping; source and destination SHA-256 match.
reference/raw-approved-v1-engines/22684100V1Summary.json,reference/approved-v1-summaries/22684100V1Summary.json,60eeac8290658ab1fc7691907cea41a9c8b584358a71ef96340890ccf11bb4a4,1348800,text/plain,imported,Imported per approved mapping; source and destination SHA-256 match.
reference/raw-approved-v1-engines/22684700V1Summary.json,reference/approved-v1-summaries/22684700V1Summary.json,db051aedc1708b1249d816f4369f3b30b3ad7ebb9e1db649458d6b38d2599a8f,273905,text/plain,imported,Imported per approved mapping; source and destination SHA-256 match.
reference/raw-approved-v1-engines/22693300V1Summary.json,reference/approved-v1-summaries/22693300V1Summary.json,d06561a84986e7a9be3468cc9b217f824ef335825c1c86d2369d55e7408d6522,397897,text/plain,imported,Imported per approved mapping; source and destination SHA-256 match.
reference/raw-approved-v1-engines/22696900V1Summary.json,reference/approved-v1-summaries/22696900V1Summary.json,fb6d5d5f1d5bce84352fe53fa464c8f6e27ff8d578e674e4d4cfe48232ab0de7,1141507,text/plain,imported,Imported per approved mapping; source and destination SHA-256 match.
reference/raw-approved-v1-engines/22713400v1Summary.json,reference/approved-v1-summaries/22713400v1Summary.json,dbe3c2dfc20f7e6044865497a1eda3468d139505828c5cda24a25ee00b5e5ca6,246268,text/plain,imported,Imported per approved mapping; source and destination SHA-256 match.
reference/raw-approved-v1-engines/22714500V1Summary.json,reference/approved-v1-summaries/22714500V1Summary.json,07c20ba24f7a832a68ce62fdba4147bfc68e640b1ab42aaa4253a335c17228eb,234220,text/plain,imported,Imported per approved mapping; source and destination SHA-256 match.
reference/raw-approved-v1-engines/22716200V1Summary.json,reference/approved-v1-summaries/22716200V1Summary.json,3448e10ce2f17cbc16e12e1db51dd05c9e3dd05929241d9cef4cf986fe52f426,242852,text/plain,imported,Imported per approved mapping; source and destination SHA-256 match.
reference/raw-approved-v1-engines/22717000v1Summary.json,reference/approved-v1-summaries/22717000v1Summary.json,926e840f7534432265f8ecea8190ed73b8e5e575750809571b9f4982033f0301,720085,text/plain,imported,Imported per approved mapping; source and destination SHA-256 match.
reference/raw-approved-v1-engines/22717200v1Summary.json,reference/approved-v1-summaries/22717200v1Summary.json,9d02eadb8695ccbdee4f62d300abacb0f3f473a47ccc8ab4eb1ced35f27bce6b,664734,text/plain,imported,Imported per approved mapping; source and destination SHA-256 match.
reference/raw-approved-v1-engines/22718900V1Summary.json,reference/approved-v1-summaries/22718900V1Summary.json,d059c6d89f1e5796b8e76f5e0225eaa2af6e8970387cee1ff80558a4d84dd0e8,288426,text/plain,imported,Imported per approved mapping; source and destination SHA-256 match.
reference/raw-approved-v1-engines/22733800V1Summary.json,reference/approved-v1-summaries/22733800V1Summary.json,6527dfd6ec9b983a05636852165a2ce4936792d5715c982c2ed1e17dc6d0f007,277634,text/plain,imported,Imported per approved mapping; source and destination SHA-256 match.
reference/raw-approved-v1-engines/22762600v1Summary.json,reference/approved-v1-summaries/22762600v1Summary.json,3533de89eaa31993644b9e5b0ab4fd836dd36152afa621a7b59166887d35ec9e,249101,text/plain,imported,Imported per approved mapping; source and destination SHA-256 match.
reference/raw-approved-v1-engines/22765000V1Summary.json,reference/approved-v1-summaries/22765000V1Summary.json,2e2d22680228c7beae141bb08c98a3c94b87daaef0e2726599b4e7b1685d96e3,286092,text/plain,imported,Imported per approved mapping; source and destination SHA-256 match.
reference/raw-approved-v1-engines/22771500V1Summary.json,reference/approved-v1-summaries/22771500V1Summary.json,90415afa379095748356a3008e43cb85973ece9f6e4f15e5b64a6f0ee408055e,4261853,text/plain,imported,Imported per approved mapping; source and destination SHA-256 match.
reference/raw-approved-v1-engines/22779600V1Summary.json,reference/approved-v1-summaries/22779600V1Summary.json,b183b7057b825876de04c142aca84831a103e6f80a0582ea95528ce1b7e5fe12,2426818,text/plain,imported,Imported per approved mapping; source and destination SHA-256 match.
reference/raw-approved-v1-engines/22801800V1Summary.json,reference/approved-v1-summaries/22801800V1Summary.json,a3c46033b044ac60417f9df919648b437f585197aa0118e8b6344d7e8efdd5d3,359320,text/plain,imported,Imported per approved mapping; source and destination SHA-256 match.
reference/raw-approved-v1-engines/22804300V1Summary.json,reference/approved-v1-summaries/22804300V1Summary.json,119dbca8f7a4528c2d8d1569fa6e513d1eba1eccdff629ca02713593bffc4257,209929,text/plain,imported,Imported per approved mapping; source and destination SHA-256 match.
reference/raw-approved-v1-engines/22813300V1Summary.json,reference/approved-v1-summaries/22813300V1Summary.json,70a13538b5df2c3250fda30c9cdf96147fd9fb48f899fbf07c05aefc7db6e416,363368,text/plain,imported,Imported per approved mapping; source and destination SHA-256 match.
reference/raw-approved-v1-engines/22818600V1Summary.json,reference/approved-v1-summaries/22818600V1Summary.json,0d9113e3d3843f44c6401336519b95521353759e598403cfb17cf94272369e6a,233633,text/plain,imported,Imported per approved mapping; source and destination SHA-256 match.
reference/raw-approved-v1-engines/22821900V1Summary.json,reference/approved-v1-summaries/22821900V1Summary.json,c2b9ab5cf8f2977c39978a4588649f646953b9368cb6fcc6a15c36d3946995bf,1172694,text/plain,imported,Imported per approved mapping; source and destination SHA-256 match.
reference/raw-approved-v1-engines/22827400V1Summary.json,reference/approved-v1-summaries/22827400V1Summary.json,6dd01ad321c2ad2cbe59f3e0ce924799ab02d1c22dcc2eac73dcf81d056f7176,454670,text/plain,imported,Imported per approved mapping; source and destination SHA-256 match.
reference/raw-approved-v1-engines/22832700V1Summary.json,reference/approved-v1-summaries/22832700V1Summary.json,de448420a821b7c0f8603a688a983c742faa808e7dabac61e18d22262f0d3d87,387187,text/plain,imported,Imported per approved mapping; source and destination SHA-256 match.
reference/raw-approved-v1-engines/22858300V1Summary.json,reference/approved-v1-summaries/22858300V1Summary.json,c7a435ecb915cfaa2aec7d18d4f95eee153920059c79580cc43ffb76dbd5965e,475194,text/plain,imported,Imported per approved mapping; source and destination SHA-256 match.
reference/raw-approved-v1-engines/22858400V1Summary.json,reference/approved-v1-summaries/22858400V1Summary.json,e9fa5eff755a507b1325a0f9f002232191236ed1db737e31380f970b2178202f,2059674,text/plain,imported,Imported per approved mapping; source and destination SHA-256 match.
reference/raw-approved-v1-engines/22862400V1Summary.json,reference/approved-v1-summaries/22862400V1Summary.json,c56b6b9745b3066feb92d00783c95cea455c1edd34aeb9490628232e47b4738d,1330991,text/plain,imported,Imported per approved mapping; source and destination SHA-256 match.
reference/raw-approved-v1-engines/22873400V1Summary.json,reference/approved-v1-summaries/22873400V1Summary.json,bf7a853c7217c29c0ea01d199a3b726286274fd1ba99ae52ff56da54b6f91c62,430224,text/plain,imported,Imported per approved mapping; source and destination SHA-256 match.
reference/raw-approved-v1-engines/22875600v103Summary.json,reference/approved-v1-summaries/22875600v103Summary.json,8a777e24518e9bbbfa707e584b0f590af8960c6d4331e87100c97365e61c9707,392189,text/plain,imported,Imported per approved mapping; source and destination SHA-256 match.
reference/raw-approved-v1-engines/22878600V1Summary.json,reference/approved-v1-summaries/22878600V1Summary.json,051ae0da739f2624df732a11782992167dc98f8c03943a27229f5246eb8b30ca,721512,text/plain,imported,Imported per approved mapping; source and destination SHA-256 match.
reference/raw-approved-v1-engines/22880000V1Summary.json,reference/approved-v1-summaries/22880000V1Summary.json,a05b59c417ce75535ed77271e742130774568daee199bc17dc584b05426a9849,233617,text/plain,imported,Imported per approved mapping; source and destination SHA-256 match.
reference/raw-approved-v1-engines/22880800V1Summary.json,reference/approved-v1-summaries/22880800V1Summary.json,288d984cd120b8689a19a0def322d0a80da74aa0fb01aa67ab0700bdeebe60e3,353301,text/plain,imported,Imported per approved mapping; source and destination SHA-256 match.
reference/raw-approved-v1-engines/22883300V1Summary.json,reference/approved-v1-summaries/22883300V1Summary.json,ba8bf4f503fda02cf0c12116f5dc9da8986d1988c37e3c462fc1e1f555c74fd2,334737,text/plain,imported,Imported per approved mapping; source and destination SHA-256 match.
reference/raw-approved-v1-engines/22886000V1Summary.json,reference/approved-v1-summaries/22886000V1Summary.json,fbd7aef2981b7a7d9dd04f301a7e7d7777ba9dc61f150e0d5b884a1d6f7852ca,454854,text/plain,imported,Imported per approved mapping; source and destination SHA-256 match.
reference/raw-approved-v1-engines/22886200V1Summary.json,reference/approved-v1-summaries/22886200V1Summary.json,88692e9f2fa7ff3a163a2b04f2783bebebd553fca4068371e2c2f66b78a40bdb,336198,text/plain,imported,Imported per approved mapping; source and destination SHA-256 match.
reference/raw-approved-v1-engines/22887900V1Summary.json,reference/approved-v1-summaries/22887900V1Summary.json,a7a3c1842ae158bc66c66eeaf8cc3e9bf9fd701264b04962e01cb3bf18feeec8,304916,text/plain,imported,Imported per approved mapping; source and destination SHA-256 match.
reference/raw-approved-v1-engines/22895500V1Summary.json,reference/approved-v1-summaries/22895500V1Summary.json,bb8f70c2abdd5268afabce92259506a37d9ec59b6bc8cf1e794eda0a9236a13c,341020,text/plain,imported,Imported per approved mapping; source and destination SHA-256 match.
reference/raw-approved-v1-engines/22915800V1Summary.json,reference/approved-v1-summaries/22915800V1Summary.json,737d5ed23599e2c63edfdc0750e23f3dc14051ec9c090b2e706aa64d8413ede5,2242648,text/plain,imported,Imported per approved mapping; source and destination SHA-256 match.
reference/raw-approved-v1-engines/22923400v1Summary.json,reference/approved-v1-summaries/22923400v1Summary.json,813a0d8b14274b1a9ef7b54b943a4f2a4c30b97e6e1d6da01654aa5625fdc4ce,328628,text/plain,imported,Imported per approved mapping; source and destination SHA-256 match.
reference/raw-approved-v1-engines/22923500V1Summary.json,reference/approved-v1-summaries/22923500V1Summary.json,5ef2a54011ef530de15707f5b3d9d2ab7a86596e6d50ac9fd4e6549f6bae4e04,304231,text/plain,imported,Imported per approved mapping; source and destination SHA-256 match.
reference/raw-approved-v1-engines/22923700V1Summary.json,reference/approved-v1-summaries/22923700V1Summary.json,17ab0698b33f54529bede895954f3a708f85ed8f7d08b3fbc22feb96f89cca0e,587327,text/plain,imported,Imported per approved mapping; source and destination SHA-256 match.
reference/raw-approved-v1-engines/22926300V1Summary.json,reference/approved-v1-summaries/22926300V1Summary.json,40e15d898cb6f55f18d5da84be000ebff8d3c42a6536aaac1bc1ef28cb76d892,260295,text/plain,imported,Imported per approved mapping; source and destination SHA-256 match.
reference/raw-approved-v1-engines/22942400V1Summary.json,reference/approved-v1-summaries/22942400V1Summary.json,9e34851e76ab3a028c5302d2f8e5ef4f25f1509d9f0dc245517d2108f7732ee7,301079,text/plain,imported,Imported per approved mapping; source and destination SHA-256 match.
reference/raw-approved-v1-engines/22964700V1Summary.json,reference/approved-v1-summaries/22964700V1Summary.json,64b902ff5af8988274c0168d79f8974e8cf85598df52ac69b3389b1b3968e025,386204,text/plain,imported,Imported per approved mapping; source and destination SHA-256 match.
reference/raw-approved-v1-engines/22965000V1Summary.json,reference/approved-v1-summaries/22965000V1Summary.json,ec567bfb5964b3bf05988571d889f07333fc9f96e66b8f1ebed4599006cde646,676623,text/plain,imported,Imported per approved mapping; source and destination SHA-256 match.
reference/raw-approved-v1-engines/22969600v1Summary.json,reference/approved-v1-summaries/22969600v1Summary.json,b0fcfcb9f80c711754111d0ce557ecb1c565b49ccd38b47270a898117d47842f,1488543,text/plain,imported,Imported per approved mapping; source and destination SHA-256 match.
reference/raw-approved-v1-engines/22974900V1Summary.json,reference/approved-v1-summaries/22974900V1Summary.json,01141ef8ac1952c2a7dc683a71dfe689a87147cc47872cea4d0184bf57fe5fb4,445334,text/plain,imported,Imported per approved mapping; source and destination SHA-256 match.
reference/raw-approved-v1-engines/22975000V1Summary.json,reference/approved-v1-summaries/22975000V1Summary.json,11c63837f5f4a182b54c60a2a812665096e6cce31706733e858de56fbccda660,161254,text/plain,imported,Imported per approved mapping; source and destination SHA-256 match.
reference/raw-approved-v1-engines/22977000V1Summary.json,reference/approved-v1-summaries/22977000V1Summary.json,5bab127f81954ec157be140859a17f7030e462e46b0e8c9abc0abdb62dae873f,325964,text/plain,imported,Imported per approved mapping; source and destination SHA-256 match.
reference/raw-approved-v1-engines/22977800V1Summary.json,reference/approved-v1-summaries/22977800V1Summary.json,2e7392193d86486dbf724af9f837adaa31469d278a7a6a5f16685b93e4851211,198936,text/plain,imported,Imported per approved mapping; source and destination SHA-256 match.
reference/raw-approved-v1-engines/22989600v1Summary.json,reference/approved-v1-summaries/22989600v1Summary.json,303f9308a096e286d3cae689aabaeee2719fe994b7dc536b89eca3edbda34bc3,703969,text/plain,imported,Imported per approved mapping; source and destination SHA-256 match.
reference/raw-approved-v1-engines/22996800V1Summary.json,reference/approved-v1-summaries/22996800V1Summary.json,3dab11d36c863b5370ef3d7164f550da69084f6ddb1c000dff8dce4b463470ac,256828,text/plain,imported,Imported per approved mapping; source and destination SHA-256 match.
reference/raw-approved-v1-engines/23008300V1Summary.json,reference/approved-v1-summaries/23008300V1Summary.json,060112022bcac38d5554ab118ff6427546afddca5de075ab0f67bb367c6f5501,372602,text/plain,imported,Imported per approved mapping; source and destination SHA-256 match.
reference/raw-approved-v1-engines/23025600V1Summary.json,reference/approved-v1-summaries/23025600V1Summary.json,005b38415f71de344f0409b32e13cb54e758519adeff78981c2d1684cc1cb579,823286,text/plain,imported,Imported per approved mapping; source and destination SHA-256 match.
reference/raw-approved-v1-engines/23025700V1Summary.json,reference/approved-v1-summaries/23025700V1Summary.json,06bf3945c83f94284cbce8a7b7fb2a26cc3a1580b942cf72cd56203095cdd8b1,270849,text/plain,imported,Imported per approved mapping; source and destination SHA-256 match.
reference/raw-approved-v1-engines/23025800V1Summary.json,reference/approved-v1-summaries/23025800V1Summary.json,d984ae215ee5bc75771e1f743ac43cd55666a04c2c205b6d47356737d05672e5,538655,text/plain,imported,Imported per approved mapping; source and destination SHA-256 match.
reference/raw-approved-v1-engines/23032100V1Summary.json,reference/approved-v1-summaries/23032100V1Summary.json,4a12c08e2f6d54fd9c585fe3a5b948b3ff07860382816f8d2c62bbc7bf170dcd,323696,text/plain,imported,Imported per approved mapping; source and destination SHA-256 match.
reference/raw-approved-v1-engines/23037700V1Summary.json,reference/approved-v1-summaries/23037700V1Summary.json,76f52ed1988c3d58c1ec743418585fa0ea7dd72098bc249774264b8089ccfe69,744752,text/plain,imported,Imported per approved mapping; source and destination SHA-256 match.
reference/raw-approved-v1-engines/23041100V1Summary.json,reference/approved-v1-summaries/23041100V1Summary.json,bd9f578e411220665372c4f72e184d750a56176424e3ecd8e17bd3d11b169e99,588055,text/plain,imported,Imported per approved mapping; source and destination SHA-256 match.
reference/raw-approved-v1-engines/23041600V1Summary.json,reference/approved-v1-summaries/23041600V1Summary.json,eca3d66581b9a6173822c653e93436a6b9cdd19733db5dffa5007c875b273bd2,262905,text/plain,imported,Imported per approved mapping; source and destination SHA-256 match.
reference/raw-approved-v1-engines/23047500V1Summary.json,reference/approved-v1-summaries/23047500V1Summary.json,6493e3e6df838c3db12e784cb6071c9e81126fba5ec7693393cc5c7889b5bc54,287830,text/plain,imported,Imported per approved mapping; source and destination SHA-256 match.
reference/raw-approved-v1-engines/23051100V1Summary.json,reference/approved-v1-summaries/23051100V1Summary.json,3cb90d5a9a9168439a384bf57cee620cc51cac7cec1a97afa05b797654574dd1,652959,text/plain,imported,Imported per approved mapping; source and destination SHA-256 match.
reference/raw-approved-v1-engines/23057500V1Summary.json,reference/approved-v1-summaries/23057500V1Summary.json,3906d20937da85f93a551e0ba36c09e8afa5e8379e818215b518bf530683338d,311960,text/plain,imported,Imported per approved mapping; source and destination SHA-256 match.
reference/raw-approved-v1-engines/23070200V1Summary.json,reference/approved-v1-summaries/23070200V1Summary.json,832daf0560c33921563145865c08f7a88118207d491a9461cc51ddc1cb644047,309254,text/plain,imported,Imported per approved mapping; source and destination SHA-256 match.
reference/raw-approved-v1-engines/23072900V1Summary.json,reference/approved-v1-summaries/23072900V1Summary.json,ffff2c483ed60e87a048d4e313c212d5db5b53c633e42007001059e9ae90331b,210628,text/plain,imported,Imported per approved mapping; source and destination SHA-256 match.
reference/raw-approved-v1-engines/23083200V1Summary.json,reference/approved-v1-summaries/23083200V1Summary.json,09d6be204c8042a84404222a212bec36ac54059aad153dcf8b6fea3086f7a168,435696,text/plain,imported,Imported per approved mapping; source and destination SHA-256 match.
reference/raw-approved-v1-engines/23084300V1Summary.json,reference/approved-v1-summaries/23084300V1Summary.json,5987f079fb46a80b3606a8e196db8f808f145cdf387d7969e3ddf776eac11808,269832,text/plain,imported,Imported per approved mapping; source and destination SHA-256 match.
reference/raw-approved-v1-engines/23104600V1Summary.json,reference/approved-v1-summaries/23104600V1Summary.json,770317bc68823b6af5d28207821766de546892e5d1199a9bd478080d400ccfc2,586824,text/plain,imported,Imported per approved mapping; source and destination SHA-256 match.
reference/raw-approved-v1-engines/23107800V1Summary.json,reference/approved-v1-summaries/23107800V1Summary.json,0046febc1a71d8db89378ed1eb7ad30fc5dacd2e6c39de41a7391a5c58ceb2a2,347021,text/plain,imported,Imported per approved mapping; source and destination SHA-256 match.
reference/raw-approved-v1-engines/23109600V1Summary.json,reference/approved-v1-summaries/23109600V1Summary.json,80c18e1a0343fa97f2d023b11444a169dc21b5981968efad01e185d666bc51b9,225384,text/plain,imported,Imported per approved mapping; source and destination SHA-256 match.
reference/raw-approved-v1-engines/23109700V1Summary.json,reference/approved-v1-summaries/23109700V1Summary.json,2cca4bdb7f4473de08c267ddd7278f5e8a802d16b7f1c874f659daa98ee4dde7,228194,text/plain,imported,Imported per approved mapping; source and destination SHA-256 match.
reference/raw-approved-v1-engines/23110300V1Summary.json,reference/approved-v1-summaries/23110300V1Summary.json,f5b08289800ec9c216f1b82bc9903b9c077862075a0e36510c2826e58b512f3c,413688,text/plain,imported,Imported per approved mapping; source and destination SHA-256 match.
reference/raw-approved-v1-engines/23124700V1Summary.json,reference/approved-v1-summaries/23124700V1Summary.json,32184c0acc15f8e093a71794a796e759dcc3b2abeca9751c6be5c63a1e5e8d6c,702350,text/plain,imported,Imported per approved mapping; source and destination SHA-256 match.
reference/raw-approved-v1-engines/23136900V1Summary.json,reference/approved-v1-summaries/23136900V1Summary.json,0503a9d8cb1035d37c19b7d3c1780812056a66e42590601da1718644dfe00ebd,385230,text/plain,imported,Imported per approved mapping; source and destination SHA-256 match.
reference/raw-approved-v1-engines/23138400V1Summary.json,reference/approved-v1-summaries/23138400V1Summary.json,e9a8991ec444969630ba9ace14c178efd9d17ea79a4dd81778cea167d1616bf1,1880926,text/plain,imported,Imported per approved mapping; source and destination SHA-256 match.
reference/raw-approved-v1-engines/23138500V1Summary.json,reference/approved-v1-summaries/23138500V1Summary.json,6b4b0f2d463028484bc931125a3511434bd13464b57618b3e96925dc6c54b512,553821,text/plain,imported,Imported per approved mapping; source and destination SHA-256 match.
reference/raw-approved-v1-engines/23141100V1Summary.json,reference/approved-v1-summaries/23141100V1Summary.json,7b66f3ab131df294eca252f5132314af0e1a6f091f9250accbefce20efc783c9,89981,text/plain,imported,Imported per approved mapping; source and destination SHA-256 match.
reference/raw-approved-v1-engines/23141400v1Summary.json,reference/approved-v1-summaries/23141400v1Summary.json,27bc4fc121a6e3c644306c17161abf75dcb083f10fbd1c60537075bebf2fdcbd,578248,text/plain,imported,Imported per approved mapping; source and destination SHA-256 match.
reference/raw-approved-v1-engines/23142600V1Summary.json,reference/approved-v1-summaries/23142600V1Summary.json,569da2a0d97922a2faf965d146dec39eca20449f7da6471630f59a39f8de045d,1078543,text/plain,imported,Imported per approved mapping; source and destination SHA-256 match.
reference/raw-approved-v1-engines/23154700V1Summary.json,reference/approved-v1-summaries/23154700V1Summary.json,a0ac5d4a78e85b12996b4876fcf9deaa0b59ebcfe30a3d861b54aab63f507e89,493979,text/plain,imported,Imported per approved mapping; source and destination SHA-256 match.
reference/raw-approved-v1-engines/23156800V1Summary.json,reference/approved-v1-summaries/23156800V1Summary.json,10f897a9b9410e6789055301dd5413adcb2d4642535e43a78d3924d4654ec9e0,256723,text/plain,imported,Imported per approved mapping; source and destination SHA-256 match.
reference/raw-approved-v1-engines/23159800V1Summary.json,reference/approved-v1-summaries/23159800V1Summary.json,642340a25af7b4d58de39566254f1e5ed73c5a6782a618a230180d336cfca308,311600,text/plain,imported,Imported per approved mapping; source and destination SHA-256 match.
reference/raw-approved-v1-engines/23159900v1Summary.json,reference/approved-v1-summaries/23159900v1Summary.json,a8c95847b4a1bfb3da2f774d6e0448a119e13362cfdd7c0e507199635fe100c8,359933,text/plain,imported,Imported per approved mapping; source and destination SHA-256 match.
reference/raw-approved-v1-engines/23165600v1Summary.json,reference/approved-v1-summaries/23165600v1Summary.json,5b14938ad934dfb005fdf2273943f53eb0f4ec4c2cb20db8b238077e80a6fcaf,225264,text/plain,imported,Imported per approved mapping; source and destination SHA-256 match.
reference/raw-approved-v1-engines/23166300V1Summary.json,reference/approved-v1-summaries/23166300V1Summary.json,18dbc098c8ba65086c45c34e610cf7a0b989fdcdab47e625faeead71753f5958,575909,text/plain,imported,Imported per approved mapping; source and destination SHA-256 match.
reference/raw-approved-v1-engines/23170200V1Summary.json,reference/approved-v1-summaries/23170200V1Summary.json,abed6ec8c5148ce92828e243add882ebd38fd4c742bbce87a9054c4c7add10d6,400020,text/plain,imported,Imported per approved mapping; source and destination SHA-256 match.
reference/raw-approved-v1-engines/23173000V1Summary.json,reference/approved-v1-summaries/23173000V1Summary.json,1f05b7fb715c514f0158c93738d0291736ddbad62e0353f31c2e3b46e1ace7f7,232871,text/plain,imported,Imported per approved mapping; source and destination SHA-256 match.
reference/raw-approved-v1-engines/23173300V1Summary.json,reference/approved-v1-summaries/23173300V1Summary.json,46019fcc6f3cfae13ffe6fc77a3e78eea02e44c8a23221b537220378caa80201,632694,text/plain,imported,Imported per approved mapping; source and destination SHA-256 match.
reference/raw-approved-v1-engines/23180600V1Summary.json,reference/approved-v1-summaries/23180600V1Summary.json,c0f1c068ae9228bef6db9fd89b67a3096200d1b10430c10fe2bbca28e49ae824,560942,text/plain,imported,Imported per approved mapping; source and destination SHA-256 match.
reference/raw-approved-v1-engines/23182300V1Summary.json,reference/approved-v1-summaries/23182300V1Summary.json,14afc4d618f5dff7ae24af10b82011f45af928b607ab47e75f7fcb91941d6565,533587,text/plain,imported,Imported per approved mapping; source and destination SHA-256 match.
reference/raw-approved-v1-engines/23201500V1Summary.json,reference/approved-v1-summaries/23201500V1Summary.json,f816a9467d8076083a9786d21b630626dfc2568608396fe23c4619832bea7f1f,619584,text/plain,imported,Imported per approved mapping; source and destination SHA-256 match.
reference/raw-approved-v1-engines/23201600V1Summary.json,reference/approved-v1-summaries/23201600V1Summary.json,258e732b816173aeefc8a969103f1fbed04b7c66a436aee49c5011804bd6d08b,516335,text/plain,imported,Imported per approved mapping; source and destination SHA-256 match.
reference/raw-approved-v1-engines/23205500V1Summary.json,reference/approved-v1-summaries/23205500V1Summary.json,e50dc520b4921679ed768674c63c189c2a02a7f12cc5207ccc188118bf1a26d7,233616,text/plain,imported,Imported per approved mapping; source and destination SHA-256 match.
reference/raw-approved-v1-engines/23212900v1Summary.json,reference/approved-v1-summaries/23212900v1Summary.json,c22adbb80116018b367ff68d48205366e83754e0e965badf868965f82ba017c5,664539,text/plain,imported,Imported per approved mapping; source and destination SHA-256 match.
reference/raw-approved-v1-engines/23217700v1Summary.json,reference/approved-v1-summaries/23217700v1Summary.json,e7d96a512673f15b777c671d30da8cdbb3ab454ce1a47c9c4395bb4acb25e182,328356,text/plain,imported,Imported per approved mapping; source and destination SHA-256 match.
reference/raw-approved-v1-engines/23217800V1Summary.json,reference/approved-v1-summaries/23217800V1Summary.json,5fa18599d3929fa48ed551d727a607a485f2a11c7e90be9052e911de55d6623f,391598,text/plain,imported,Imported per approved mapping; source and destination SHA-256 match.
reference/raw-approved-v1-engines/23217900V1Summary.json,reference/approved-v1-summaries/23217900V1Summary.json,7f97ff2a7c3bae1e3a53450212a78dfdb3158bb4054bdf54f0300cd049f7988c,231362,text/plain,imported,Imported per approved mapping; source and destination SHA-256 match.
reference/raw-approved-v1-engines/23232800v1Summary.json,reference/approved-v1-summaries/23232800v1Summary.json,cafb3ddd87c55cabd752dd75d6e320ae84c509640d7715758b688a7a6365540a,813940,text/plain,imported,Imported per approved mapping; source and destination SHA-256 match.
reference/raw-approved-v1-engines/23237600V1Summary.json,reference/approved-v1-summaries/23237600V1Summary.json,0fabc78c90d6d2cb29260deca9185e91ddb5790c0a57e753d64afe7fafd4af20,239950,text/plain,imported,Imported per approved mapping; source and destination SHA-256 match.
reference/raw-approved-v1-engines/23244100V1Summary.json,reference/approved-v1-summaries/23244100V1Summary.json,f3e63ffdb9bc7d5a8c3ae1e53d6f6683c43ed5d99a029ca48aaa4d8ae87ab06b,470456,text/plain,imported,Imported per approved mapping; source and destination SHA-256 match.
reference/raw-approved-v1-engines/23244200V1Summary.json,reference/approved-v1-summaries/23244200V1Summary.json,d25ddb8d91988d1467243925c8e3f9ab306b96240d6dd1fd257f3d21711aba12,256017,text/plain,imported,Imported per approved mapping; source and destination SHA-256 match.
reference/raw-approved-v1-engines/23244900V1Summary.json,reference/approved-v1-summaries/23244900V1Summary.json,8c7d580182e43f34e41a031a1130b609341ad9f5d73367578e67246a2443191a,62650,text/plain,imported,Imported per approved mapping; source and destination SHA-256 match.
reference/raw-approved-v1-engines/23246200V1Summary.json,reference/approved-v1-summaries/23246200V1Summary.json,6f631c47007b070a65d56b361f91997c055cacf234707dba706f5db24ff25b4a,273978,text/plain,imported,Imported per approved mapping; source and destination SHA-256 match.
reference/raw-approved-v1-engines/23246700V1Summary.json,reference/approved-v1-summaries/23246700V1Summary.json,4e28c9eb4fdbf9d9ee770e5099b9eba7c9e2a14821b6cf96c5f06e315c4fc2a0,241706,text/plain,imported,Imported per approved mapping; source and destination SHA-256 match.
reference/raw-approved-v1-engines/23247400V1Summary.json,reference/approved-v1-summaries/23247400V1Summary.json,1796b6b85064cf25a6ea5569a05f0fded5fae78ebd29c2f2b2676bd4fb745436,367955,text/plain,imported,Imported per approved mapping; source and destination SHA-256 match.
reference/raw-approved-v1-engines/23247500V1Summary.json,reference/approved-v1-summaries/23247500V1Summary.json,9337b872fd720833d532e155c7a07ead7fcf1fd759e41edb65e1d5dab9e73704,720681,text/plain,imported,Imported per approved mapping; source and destination SHA-256 match.
reference/raw-approved-v1-engines/23250300V1Summary.json,reference/approved-v1-summaries/23250300V1Summary.json,de6da65b7bd6ff2842759a2eab668d5154ead5e068f1c8f4a903b8f0a9415c28,284371,text/plain,imported,Imported per approved mapping; source and destination SHA-256 match.
reference/raw-approved-v1-engines/23264900V1Summary.json,reference/approved-v1-summaries/23264900V1Summary.json,64758270db935c0a277f6e6f786493d1778dd4df549f860d30fd8cf0aac2b8f8,242089,text/plain,imported,Imported per approved mapping; source and destination SHA-256 match.
reference/raw-approved-v1-engines/23276600v1Summary.json,reference/approved-v1-summaries/23276600v1Summary.json,3f1943b4a95d7bcd5bd677428436e4812dd0c79b7280cc48cf37b989f1f4005e,916969,text/plain,imported,Imported per approved mapping; source and destination SHA-256 match.
reference/raw-approved-v1-engines/23276700V1Summary.json,reference/approved-v1-summaries/23276700V1Summary.json,6a704c07114f7cb53835bd7812a74b807c5397ab5212da6aa751842ca9bd3580,575730,text/plain,imported,Imported per approved mapping; source and destination SHA-256 match.
reference/raw-approved-v1-engines/23281000V1Summary.json,reference/approved-v1-summaries/23281000V1Summary.json,2eebd7f752243db38e382429c478a9d4dd9682c5a1f5a45b47ef8a8cb77a98d2,352087,text/plain,imported,Imported per approved mapping; source and destination SHA-256 match.
reference/raw-approved-v1-engines/23281100V1Summary.json,reference/approved-v1-summaries/23281100V1Summary.json,9645f48868fdbf9654ce9d005cebd5e16334b6ec4ac890bcb55025e37d3107b8,427764,text/plain,imported,Imported per approved mapping; source and destination SHA-256 match.
reference/raw-approved-v1-engines/23289100V1Summary.json,reference/approved-v1-summaries/23289100V1Summary.json,e4c45640b72fc21b797524d512340872d58803dd8ff2cfe725ac1be280f5b63c,331992,text/plain,imported,Imported per approved mapping; source and destination SHA-256 match.
reference/raw-approved-v1-engines/23294600V1Summary.json,reference/approved-v1-summaries/23294600V1Summary.json,cb2eb00b058aa7b4551c0f0970cba864cf01beef41f44f787e5ba3fbcd8ceef2,350612,text/plain,imported,Imported per approved mapping; source and destination SHA-256 match.
reference/raw-approved-v1-engines/23297500V1Summary.json,reference/approved-v1-summaries/23297500V1Summary.json,bf787c28dfb492282c1fa89c2d9d178f9eb15c8df755e261934b7971f1dff201,766783,text/plain,imported,Imported per approved mapping; source and destination SHA-256 match.
reference/raw-approved-v1-engines/23297900V1Summary.json,reference/approved-v1-summaries/23297900V1Summary.json,00c780d3bc737229d607c536e39596a597ac307784cc47bf056c047fe0281a7a,158751,text/plain,imported,Imported per approved mapping; source and destination SHA-256 match.
reference/raw-approved-v1-engines/23313700V1Summary.json,reference/approved-v1-summaries/23313700V1Summary.json,a599a272853606a702aa9010bca5d7360041d5578bde9c0a25a50c01a9a24c46,797486,text/plain,imported,Imported per approved mapping; source and destination SHA-256 match.
reference/raw-approved-v1-engines/23319400V1Summary.json,reference/approved-v1-summaries/23319400V1Summary.json,06eb6a38b11bc521bee70c11da248264ad83c48d013b297348c11d8427ebbba4,821041,text/plain,imported,Imported per approved mapping; source and destination SHA-256 match.
reference/raw-approved-v1-engines/23335000v1Summary.json,reference/approved-v1-summaries/23335000v1Summary.json,ef2afbab3da9a69df617a8228fd1de2a2566d451f40ceab3660dfc7b80268580,660791,text/plain,imported,Imported per approved mapping; source and destination SHA-256 match.
reference/raw-approved-v1-engines/23339000V1Summary.json,reference/approved-v1-summaries/23339000V1Summary.json,1dfc646834718b1b9cbd18065eed73be3ea58407a69a4ca88541b9cb8a4e5e63,967300,text/plain,imported,Imported per approved mapping; source and destination SHA-256 match.
reference/raw-approved-v1-engines/23342100V1Summary.json,reference/approved-v1-summaries/23342100V1Summary.json,1e8d6d503472c1763b1d260d6909e35a644b8edadd437ee12be74aa103049aee,489041,text/plain,imported,Imported per approved mapping; source and destination SHA-256 match.
reference/raw-approved-v1-engines/23345100V1Summary.json,reference/approved-v1-summaries/23345100V1Summary.json,769f151cdabc1f814c67c0da61b5404f9eb4953e309c08838f8e6db3dc1b4b72,601033,text/plain,imported,Imported per approved mapping; source and destination SHA-256 match.
reference/raw-approved-v1-engines/23355000V1Summary.json,reference/approved-v1-summaries/23355000V1Summary.json,d5572428f3b65effb14d2c9642b2d9a282b1f18730d20fe568aa9a71464dd348,322629,text/plain,imported,Imported per approved mapping; source and destination SHA-256 match.
reference/raw-approved-v1-engines/23387400V1Summary.json,reference/approved-v1-summaries/23387400V1Summary.json,83861012b27afb4d119da292ffac24ca5b9da6ed65ef71d7d11c971a4d011e93,317043,text/plain,imported,Imported per approved mapping; source and destination SHA-256 match.
reference/raw-approved-v1-engines/23388700V1Summary.json,reference/approved-v1-summaries/23388700V1Summary.json,864e01996e991c00b11ebbf52bd794f0ce5575db8dea82b735469d203e8c4920,311069,text/plain,imported,Imported per approved mapping; source and destination SHA-256 match.
reference/raw-approved-v1-engines/23390600v1Summary.json,reference/approved-v1-summaries/23390600v1Summary.json,5513e5cff2c607bed9f668a01db213ff352a09c5ce0ed7e839ae30da20726530,396200,text/plain,imported,Imported per approved mapping; source and destination SHA-256 match.
reference/raw-approved-v1-engines/23390700v1Summary.json,reference/approved-v1-summaries/23390700v1Summary.json,fa66ab375ca89b44395b06d7b3eec0fa84140ca0f8bc2955332e27e15feee821,270499,text/plain,imported,Imported per approved mapping; source and destination SHA-256 match.
reference/raw-approved-v1-engines/23393700V1Summary.json,reference/approved-v1-summaries/23393700V1Summary.json,bc1fa7dfcb3615ad62e7d4908d96e64b916cfee5296c29ddb4dd8f17ea9f2d02,436803,text/plain,imported,Imported per approved mapping; source and destination SHA-256 match.
reference/raw-approved-v1-engines/23397000V1Summary.json,reference/approved-v1-summaries/23397000V1Summary.json,30e61b5d3cb46e1854bf1f8929855b5482ec876b8b24f5db612852a22fefe6a6,768119,text/plain,imported,Imported per approved mapping; source and destination SHA-256 match.
reference/raw-approved-v1-engines/23399900v1Summary.json,reference/approved-v1-summaries/23399900v1Summary.json,c5d941fb879409b5fe5b5ee3fd9cdf228c769d62c469b53aa0622a8d3210037e,754901,text/plain,imported,Imported per approved mapping; source and destination SHA-256 match.
reference/raw-approved-v1-engines/23403600V1Summary.json,reference/approved-v1-summaries/23403600V1Summary.json,152225efcc9737468fa9bb0d730dc697bb94f89390e901fff40e6710727e0b0f,167318,text/plain,imported,Imported per approved mapping; source and destination SHA-256 match.
reference/raw-approved-v1-engines/23408000v1Summary.json,reference/approved-v1-summaries/23408000v1Summary.json,06c991f78534935664f5eabc57d842099ca6c680a0e19215c8da19f8f370150e,686684,text/plain,imported,Imported per approved mapping; source and destination SHA-256 match.
reference/raw-approved-v1-engines/23409800V1Summary.json,reference/approved-v1-summaries/23409800V1Summary.json,833f1ad81654c1150b712a9ba09e8ef5f1276c689aecb7c7d806be64324f70dd,531403,text/plain,imported,Imported per approved mapping; source and destination SHA-256 match.
reference/raw-approved-v1-engines/23418900v1Summary.json,reference/approved-v1-summaries/23418900v1Summary.json,653a032fa446b2853ff4dd638b668e6a2b639001bf64499e2960029e543f702d,1052361,text/plain,imported,Imported per approved mapping; source and destination SHA-256 match.
reference/raw-approved-v1-engines/23419400V1Summary.json,reference/approved-v1-summaries/23419400V1Summary.json,f20408027dc87ed4812bc1464c109c19ca7e47afeb2dafcb91a4b423abcd98e0,142483,text/plain,imported,Imported per approved mapping; source and destination SHA-256 match.
reference/raw-approved-v1-engines/23422200V1Summary.json,reference/approved-v1-summaries/23422200V1Summary.json,f48e83ff159c3f94586d8dab4570842298f0b736b53cfee04cce1ceb5caf3316,220991,text/plain,imported,Imported per approved mapping; source and destination SHA-256 match.
reference/raw-approved-v1-engines/23439400v1Summary.json,reference/approved-v1-summaries/23439400v1Summary.json,9f3140c63d7537bcfeeb2cfc2136d8f9da519173aaba7e1aa7269e7f85c07e1a,1073253,text/plain,imported,Imported per approved mapping; source and destination SHA-256 match.
reference/raw-approved-v1-engines/23440300V1Summary.json,reference/approved-v1-summaries/23440300V1Summary.json,8be6f86c3ce4ef7a67b2ae75c6b646bd5c94a7576e1d2cd26b7c10292258d9cb,361561,text/plain,imported,Imported per approved mapping; source and destination SHA-256 match.
reference/raw-approved-v1-engines/23450000V1Summary.json,reference/approved-v1-summaries/23450000V1Summary.json,018867a190ff8ab877fa2762cc26fe4032698f4bfb466e6941b33bfc82cb65a0,356577,text/plain,imported,Imported per approved mapping; source and destination SHA-256 match.
reference/raw-approved-v1-engines/23452700V1Summary.json,reference/approved-v1-summaries/23452700V1Summary.json,9592d8846316952e8119fb740ddc9936c219af01716827897897c2ed7c00a148,697461,text/plain,imported,Imported per approved mapping; source and destination SHA-256 match.
reference/raw-approved-v1-engines/23464600V1Summary.json,reference/approved-v1-summaries/23464600V1Summary.json,9306184cdedbb5b0a9e7158955e1c6d0f7b41592b8e3f2d06c04a7ea97338446,333709,text/plain,imported,Imported per approved mapping; source and destination SHA-256 match.
reference/raw-approved-v1-engines/23479500V1Summary.json,reference/approved-v1-summaries/23479500V1Summary.json,ed8487a47b681cda3156e653d9107e4fc655e6bf6a7236d200cc738897583983,431582,text/plain,imported,Imported per approved mapping; source and destination SHA-256 match.
reference/raw-approved-v1-engines/23479600V1Summary.json,reference/approved-v1-summaries/23479600V1Summary.json,85c9af02a773ba6ec5fcd99bd5622fbbdd46d711a7f5fc21ab1d917aaf8fcb41,631793,text/plain,imported,Imported per approved mapping; source and destination SHA-256 match.
reference/raw-approved-v1-engines/23500500V1Summary.json,reference/approved-v1-summaries/23500500V1Summary.json,f43eb9ec6724fbf6caaab273a78e405b1e6c2411bbee1ce88b1bb90b0bfde898,401503,text/plain,imported,Imported per approved mapping; source and destination SHA-256 match.
reference/raw-approved-v1-engines/23502100V1Summary.json,reference/approved-v1-summaries/23502100V1Summary.json,d0afaa7e8dd3b3ba36626239137427bd71b181d2eafd0d20edf988abdf4e1edb,270962,text/plain,imported,Imported per approved mapping; source and destination SHA-256 match.
reference/raw-approved-v1-engines/23505200V1Summary.json,reference/approved-v1-summaries/23505200V1Summary.json,3d96bc93dec3e54f2cd99c90a1d0e5b0a04c70fc415bd676ac187bf701849895,733900,text/plain,imported,Imported per approved mapping; source and destination SHA-256 match.
reference/raw-approved-v1-engines/23507300V1Summary.json,reference/approved-v1-summaries/23507300V1Summary.json,db48a799092d058e93c77e4d2e9388fa0e455d4ee98fc448b88613f8636db523,274700,text/plain,imported,Imported per approved mapping; source and destination SHA-256 match.
reference/raw-approved-v1-engines/23514000V1Summary.json,reference/approved-v1-summaries/23514000V1Summary.json,0b5ea26248650839b246abe1c4c687cadffb504492d761f3001c9ce7b1685249,681251,text/plain,imported,Imported per approved mapping; source and destination SHA-256 match.
reference/raw-approved-v1-engines/23545300v1Summary.json,reference/approved-v1-summaries/23545300v1Summary.json,cb94269621861139df8c0f6e9dba8373a62061562fd8aab01faedf12d49ed86f,351230,text/plain,imported,Imported per approved mapping; source and destination SHA-256 match.
reference/raw-approved-v1-engines/23559000V1Summary.json,reference/approved-v1-summaries/23559000V1Summary.json,574fa0461bcff68b819b21f82d10aabf74ade98f0ca0bf2d8d2d2b2721b570d7,718712,text/plain,imported,Imported per approved mapping; source and destination SHA-256 match.
reference/raw-approved-v1-engines/23568300V1Summary.json,reference/approved-v1-summaries/23568300V1Summary.json,1b0fc1e952156890eb47c50ecf63300c72c550852c3ad1909d76148e8ea636ca,650731,text/plain,imported,Imported per approved mapping; source and destination SHA-256 match.
reference/raw-approved-v1-engines/23577800V1Summary.json,reference/approved-v1-summaries/23577800V1Summary.json,954cdb8b50ccc098a2d87d7d40cf6c70b63a7dfa2b1083c870f94a3a67d4b48a,1241003,text/plain,imported,Imported per approved mapping; source and destination SHA-256 match.
reference/raw-approved-v1-engines/23584100V1Summary.json,reference/approved-v1-summaries/23584100V1Summary.json,d961868bc1ad35c426229a907164b3f2222874638320105b33e8a66157026bae,422349,text/plain,imported,Imported per approved mapping; source and destination SHA-256 match.
reference/raw-approved-v1-engines/23585300V1Summary.json,reference/approved-v1-summaries/23585300V1Summary.json,01b1108afdc98c93b421275ed9105de263375d59aa89956c9f005c2e6c55c29d,444709,text/plain,imported,Imported per approved mapping; source and destination SHA-256 match.
reference/raw-approved-v1-engines/23588200V1Summary.json,reference/approved-v1-summaries/23588200V1Summary.json,7ea931a080ed6d32504687627dca315941176138108e823d0bd3f50964e9825d,213427,text/plain,imported,Imported per approved mapping; source and destination SHA-256 match.
reference/raw-approved-v1-engines/23608100V1Summary.json,reference/approved-v1-summaries/23608100V1Summary.json,f735c14ea51c12fa0cda692ac6ab8bb2a1ed553bb5bc8f7ee18ed9d3106bd6dc,171090,text/plain,imported,Imported per approved mapping; source and destination SHA-256 match.
reference/raw-approved-v1-engines/23610100V1Summary.json,reference/approved-v1-summaries/23610100V1Summary.json,9ab27630cfb0447c09d4d51f8f0611641ac4819783721e1eeff323466a8c1f8d,483390,text/plain,imported,Imported per approved mapping; source and destination SHA-256 match.
reference/raw-approved-v1-engines/23612400V1Summary.json,reference/approved-v1-summaries/23612400V1Summary.json,a7a5dc2d0e0b58839cadd6521425db224c11b87f3f15c6960c998145260fe385,694501,text/plain,imported,Imported per approved mapping; source and destination SHA-256 match.
reference/raw-approved-v1-engines/23621100V1Summary.json,reference/approved-v1-summaries/23621100V1Summary.json,ef581f08cea704ac18434c9cdbd38b8ee018f1162ab14d351aa89b8582053c11,747201,text/plain,imported,Imported per approved mapping; source and destination SHA-256 match.
reference/raw-approved-v1-engines/23635100V1Summary.json,reference/approved-v1-summaries/23635100V1Summary.json,dea8936f3d291e4befaf9d67e33b69481c0a432153fcd80bc10fe86021a63d7f,277282,text/plain,imported,Imported per approved mapping; source and destination SHA-256 match.
reference/raw-approved-v1-engines/23635500V1Summary.json,reference/approved-v1-summaries/23635500V1Summary.json,b6ac2ad4d14b2e6ba82d658dc650aa3514c46591526e3ff55a78726ec3a1a31b,411762,text/plain,imported,Imported per approved mapping; source and destination SHA-256 match.
reference/raw-approved-v1-engines/23646000V1Summary.json,reference/approved-v1-summaries/23646000V1Summary.json,4f4be2a0972a3e44e908d0c75b87a466e643e85ce1d6f1a8aef50c9d5a324935,285870,text/plain,imported,Imported per approved mapping; source and destination SHA-256 match.
reference/raw-approved-v1-engines/23649700V1Summary.json,reference/approved-v1-summaries/23649700V1Summary.json,80e4f7c326fc8d71e9146217a94bac223256522d295a5ea7eaccb0e89dc43f79,767252,text/plain,imported,Imported per approved mapping; source and destination SHA-256 match.
reference/raw-approved-v1-engines/23655300v1Summary.json,reference/approved-v1-summaries/23655300v1Summary.json,3321f0edfd89b6df6584b47d7b7c6243c57fa10fe9bde3170fc24bdfbbf8ef3f,668636,text/plain,imported,Imported per approved mapping; source and destination SHA-256 match.
reference/raw-approved-v1-engines/23666200v1Summary.json,reference/approved-v1-summaries/23666200v1Summary.json,f2ec1ed5d13aec0b83853a80039939177dc3645e4a3bfcce2f59dbbdc399d5c8,1833417,text/plain,imported,Imported per approved mapping; source and destination SHA-256 match.
reference/raw-approved-v1-engines/23676800V1Summary.json,reference/approved-v1-summaries/23676800V1Summary.json,3c0ec61565ab39139f20bf9d15c919c1bf5ac038ab394923b95c167a044e3036,693883,text/plain,imported,Imported per approved mapping; source and destination SHA-256 match.
reference/raw-approved-v1-engines/23681500V1Summary.json,reference/approved-v1-summaries/23681500V1Summary.json,7ffe07ec4300987b1dab66da4ef8fee22ed249f11da21a4a539d30bebbd804b0,742325,text/plain,imported,Imported per approved mapping; source and destination SHA-256 match.
reference/raw-approved-v1-engines/23682800V1Summary.json,reference/approved-v1-summaries/23682800V1Summary.json,3d7765b5fab866bc69c6fc9e5a01c4ec33a40523c7709dec66a5d9aa535e1d47,531173,text/plain,imported,Imported per approved mapping; source and destination SHA-256 match.
reference/raw-approved-v1-engines/23699500V1Summary.json,reference/approved-v1-summaries/23699500V1Summary.json,46f3a05ff3bdcdb3b95ef6161fd9a7ec9f17f0317c9e0049c26dca0776a8e3f5,624826,text/plain,imported,Imported per approved mapping; source and destination SHA-256 match.
reference/raw-approved-v1-engines/23699600V1Summary.json,reference/approved-v1-summaries/23699600V1Summary.json,06c9a7dc79828a185cb3c7d1ec996354595e3a3522461cef7962be649cddde35,278303,text/plain,imported,Imported per approved mapping; source and destination SHA-256 match.
reference/raw-approved-v1-engines/23722100V1Summary.json,reference/approved-v1-summaries/23722100V1Summary.json,662c987e733bc5f1b0e3cf0d4c2548dda3bc6637a270a72a621cc96780710dcc,507277,text/plain,imported,Imported per approved mapping; source and destination SHA-256 match.
reference/raw-approved-v1-engines/23722700V1Summary.json,reference/approved-v1-summaries/23722700V1Summary.json,6a92fa3508f17ea08b8df29c06b5a770d6fa75e0ed6a767102988fa9621487f8,160784,text/plain,imported,Imported per approved mapping; source and destination SHA-256 match.
reference/raw-approved-v1-engines/23722800V1Summary.json,reference/approved-v1-summaries/23722800V1Summary.json,395b2721811a14dac582fa441cc80605a9c34af6cf1fae1a89814d94aa9e10fe,676611,text/plain,imported,Imported per approved mapping; source and destination SHA-256 match.
reference/raw-approved-v1-engines/23725100V1Summary.json,reference/approved-v1-summaries/23725100V1Summary.json,044ba2be415d4f0f79797bef76b9da23a424372cbeea1e543cb16170a52f1d1a,308795,text/plain,imported,Imported per approved mapping; source and destination SHA-256 match.
reference/raw-approved-v1-engines/23730700V1Summary.json,reference/approved-v1-summaries/23730700V1Summary.json,db09a53ba9b1134c769eeaed987fa3a9e4abbf2a532147dd79dc5d86db5eaef1,152298,text/plain,imported,Imported per approved mapping; source and destination SHA-256 match.
reference/raw-approved-v1-engines/23738800V1Summary.json,reference/approved-v1-summaries/23738800V1Summary.json,94f829192bdc62759fa37a6cbb2f82d2082e92afb59bd91be9632fc03e6df1dc,388234,text/plain,imported,Imported per approved mapping; source and destination SHA-256 match.
reference/raw-approved-v1-engines/23738900V1Summary.json,reference/approved-v1-summaries/23738900V1Summary.json,16efdf301cf00e8857af7125620a6504aa7b0142a1ebcdc78bb4ee83dbefc5a0,681085,text/plain,imported,Imported per approved mapping; source and destination SHA-256 match.
reference/raw-approved-v1-engines/23739000V1Summary.json,reference/approved-v1-summaries/23739000V1Summary.json,20ebacc73f645fa9461c3488f66ec64b6b293732052dcb54dca2a70c1bfb22da,737530,text/plain,imported,Imported per approved mapping; source and destination SHA-256 match.
reference/raw-approved-v1-engines/23746600V1Summary.json,reference/approved-v1-summaries/23746600V1Summary.json,6e038d4fc73ac957e5c0d97fca36af63a6a26112d6ec4cef5164828968023cc7,708984,text/plain,imported,Imported per approved mapping; source and destination SHA-256 match.
reference/raw-approved-v1-engines/23752300V1Summary.json,reference/approved-v1-summaries/23752300V1Summary.json,d46f9a2b9d0d8015971c81b5c58494472b2c66ea691872772193e4b798186656,239301,text/plain,imported,Imported per approved mapping; source and destination SHA-256 match.
reference/raw-approved-v1-engines/23761900V1Summary.json,reference/approved-v1-summaries/23761900V1Summary.json,e30b6e505ff1dee9a562acbade14f91c661927eb3ec95d3cb3e58f9944b04765,527664,text/plain,imported,Imported per approved mapping; source and destination SHA-256 match.
reference/raw-approved-v1-engines/23793700V1Summary.json,reference/approved-v1-summaries/23793700V1Summary.json,3bf0400ebec30447374d9493fff3411811de20ac22fe342d769c87498d0b6f6a,654633,text/plain,imported,Imported per approved mapping; source and destination SHA-256 match.
reference/raw-approved-v1-engines/23794300V1Summary.json,reference/approved-v1-summaries/23794300V1Summary.json,b88ed14fcee10361a636bda1f91d283b962c57d6780efe1577a2a4049324e255,391855,text/plain,imported,Imported per approved mapping; source and destination SHA-256 match.
reference/raw-approved-v1-engines/23809900V1Summary.json,reference/approved-v1-summaries/23809900V1Summary.json,a370e30e8c10cc3ce20571573fe6a5f625cee118fb0bcdb25a32a65c0e2fb8a7,683344,text/plain,imported,Imported per approved mapping; source and destination SHA-256 match.
reference/raw-approved-v1-engines/23846000V1Summary.json,reference/approved-v1-summaries/23846000V1Summary.json,4da114618f6f2e5f105742e6e561b3bdd8256899f7afe2bac57f4c2d931f3bc1,907240,text/plain,imported,Imported per approved mapping; source and destination SHA-256 match.
reference/raw-approved-v1-engines/23859700V1Summary.json,reference/approved-v1-summaries/23859700V1Summary.json,4978d63d5a1cd0d081571c833d4b9974389ac6901c635df33f51d326b8a5cf4c,567803,text/plain,imported,Imported per approved mapping; source and destination SHA-256 match.
reference/raw-approved-v1-engines/23872600V1Summary.json,reference/approved-v1-summaries/23872600V1Summary.json,fcabb0b76df2a893ee0772f66b08d072102e137a5f6fc4a6cacfc0a88f658ae2,203909,text/plain,imported,Imported per approved mapping; source and destination SHA-256 match.
reference/raw-approved-v1-engines/23875200V1Summary.json,reference/approved-v1-summaries/23875200V1Summary.json,4f633322a53ffeef8a1cf226e01f06bd952f636931d0b9378b442c7d9166a54e,578459,text/plain,imported,Imported per approved mapping; source and destination SHA-256 match.
reference/raw-approved-v1-engines/23933200V1Summary.json,reference/approved-v1-summaries/23933200V1Summary.json,6a563171b6e170d5dd085d77ee94640afbfc09f63dd50892f470c0ae925412da,189209,text/plain,imported,Imported per approved mapping; source and destination SHA-256 match.
reference/raw-approved-v1-engines/23938700V1Summary.json,reference/approved-v1-summaries/23938700V1Summary.json,dd80e8a115da08dbfd6a10aad656cdd5ae17bc1195e0261d451d987328ace585,571299,text/plain,imported,Imported per approved mapping; source and destination SHA-256 match.
reference/raw-approved-v1-engines/23939600V1Summary.json,reference/approved-v1-summaries/23939600V1Summary.json,b2cfd1e5e11f4ffcbbcdc3c832b322c0eff256dc5f411e2568f45c07e2b1fd32,576964,text/plain,imported,Imported per approved mapping; source and destination SHA-256 match.
reference/raw-approved-v1-engines/23961400V1Summary.json,reference/approved-v1-summaries/23961400V1Summary.json,6c62fa09c0cf66bbe2dfcd65cd3a7bcf1b9ba66b5ecec277200f069d2c9d90d9,250632,text/plain,imported,Imported per approved mapping; source and destination SHA-256 match.
reference/raw-approved-v1-engines/24347800V1Summary.json,reference/approved-v1-summaries/24347800V1Summary.json,05134d2bf4e5a404ef8356edb16178c908ed1f9847ff48fbdf925c868895ff76,373241,text/plain,imported,Imported per approved mapping; source and destination SHA-256 match.
reference/raw-approved-v1-engines/24365800V1Summary.json,reference/approved-v1-summaries/24365800V1Summary.json,210082ca78d06820a863c6c0b75aaaf6f42bd35ba93dae5b8b2662239fca58ac,667992,text/plain,imported,Imported per approved mapping; source and destination SHA-256 match.
reference/raw-approved-v1-engines/24533300V1Summary.json,reference/approved-v1-summaries/24533300V1Summary.json,0bc7247b9d0301617cda930042563ba8ed95944d196cfde340c18f7117927596,381309,text/plain,imported,Imported per approved mapping; source and destination SHA-256 match.
reference/raw-approved-v1-engines/24548500V1Summary.json,reference/approved-v1-summaries/24548500V1Summary.json,94bf4a8a8e135ef58f1ded56f36ae0d1082fc1c7d7777bc53d2f93dd1f221789,410050,text/plain,imported,Imported per approved mapping; source and destination SHA-256 match.
reference/raw-approved-v1-engines/24556700V1Summary.json,reference/approved-v1-summaries/24556700V1Summary.json,f1b3940704fb097f7daa4e694c99f548c09d146314565029757e82a12453143e,1449119,text/plain,imported,Imported per approved mapping; source and destination SHA-256 match.
reference/raw-approved-v1-engines/24680800V1Summary.json,reference/approved-v1-summaries/24680800V1Summary.json,18c00720ae368b4eac1b62219886aacb3f0d5be87a67d449c56649b7625547a7,416389,text/plain,imported,Imported per approved mapping; source and destination SHA-256 match.
reference/Re-evaluations.pdf,reference/regulations/Re-evaluations.pdf,fd50e183b8eb229f6ef38ed51b2917e458257ed7c7c841bb6ddda7731cdd6583,172662,application/pdf,imported,Imported per approved mapping; source and destination SHA-256 match.
reference/README - plan_factors.md,reference/training/README - plan_factors.md,b0607ee204b6f200fb75ef0d91e2d1ca27a753f39a5d3832c7429dfc3640f63b,929,text/plain,imported,Imported per approved mapping; source and destination SHA-256 match.
"reference/Recoupment, Recovery and Administrative Correction.pdf","reference/regulations/Recoupment, Recovery and Administrative Correction.pdf",af6d80e346cf1ca054ae2cfca2aaecda39af52f0347163bcbd56c98cbe463625,358179,application/pdf,imported,Imported per approved mapping; source and destination SHA-256 match.
reference/Required Beginning Dates.pdf,reference/regulations/Required Beginning Dates.pdf,5a30c70f4f960915732c7bc5f811f77d395752008e6ebb55a151a02032eca635,228096,application/pdf,imported,Imported per approved mapping; source and destination SHA-256 match.
reference/run_catalog_seed.v0.7.0.json,reference/field-catalogs/v1/run_catalog_seed.v0.7.0.json,448eb31cab4a10e548d9d8cae0a4def6777c898843a25ceb62365b609b31b9d7,6486,application/json,imported,Imported per approved mapping; source and destination SHA-256 match.
reference/sample-1-v1.XLSX,reference/approved-v1-workbooks/sample-1-v1.XLSX,f9c464c63c3c40bc138957d092d67327ff75be3e243e49b8a31e49745d37ca24,338210,application/vnd.openxmlformats-officedocument.spreadsheetml.sheet,imported,Imported per approved mapping; source and destination SHA-256 match.
reference/sample-2-v1.xlsm,reference/approved-v1-workbooks/sample-2-v1.xlsm,3a390692525a70665400c93fad7f0f801a97dbae14e213ebbd97221ac8d5e333,297567,application/vnd.openxmlformats-officedocument.spreadsheetml.sheet,imported,Imported per approved mapping; source and destination SHA-256 match.
reference/sample-3-V1.XLSX,reference/approved-v1-workbooks/sample-3-V1.XLSX,8f56dd26e8e68e0f3e44fa1ccdb43b2a8b7f8445d66a45283d00c1ec3deb6768,974243,application/vnd.openxmlformats-officedocument.spreadsheetml.sheet,imported,Imported per approved mapping; source and destination SHA-256 match.
reference/sample-4-v1.XLSX,reference/approved-v1-workbooks/sample-4-v1.XLSX,0f7dfbd3de97cf406fe7fbdbacfe54987ea3747ce2471ca81792459399b64745,964039,application/vnd.openxmlformats-officedocument.spreadsheetml.sheet,imported,Imported per approved mapping; source and destination SHA-256 match.
reference/sample-bsrs-baseData-config.txt,reference/examples/sample-bsrs-baseData-config.txt,c4ec6e78a58897d84ac030d6f1d8db85d18db505054e5fcd33743c6c035a1f5b,494,text/plain,imported,Imported per approved mapping; source and destination SHA-256 match.
reference/sample-bsrs-OFA_QPSA-QDRO-config.txt,reference/examples/sample-bsrs-OFA_QPSA-QDRO-config.txt,3fa09fd018c26ced265488f84306dea33a9d737715994a2792c8a86f51a16daa,1345,text/plain,imported,Imported per approved mapping; source and destination SHA-256 match.
reference/sample-bsrs-OFA_SingleAndJoint-config.txt,reference/examples/sample-bsrs-OFA_SingleAndJoint-config.txt,65deb8e30cc4c3350b493ec4ce212fbb2a315c19b3126c51af010ff47ccc6509,4628,text/plain,imported,Imported per approved mapping; source and destination SHA-256 match.
reference/sample-bsrs-OFA_SingleLife-config.txt,reference/examples/sample-bsrs-OFA_SingleLife-config.txt,6f3fe5cd72b7f78f32361264c41809b620cf696d7628c280ab990b6bf1e6bb52,2055,text/plain,imported,Imported per approved mapping; source and destination SHA-256 match.
reference/sample-bsrs-recalculation-config.txt,reference/examples/sample-bsrs-recalculation-config.txt,593d1ca812143bf8fdce45d680fd5089923be56194d1a9eafded9fa3f3f9c866,1039,text/plain,imported,Imported per approved mapping; source and destination SHA-256 match.
reference/sample-bsrs-statement-config.txt,reference/examples/sample-bsrs-statement-config.txt,ac4356b6bfe383aaabedc8c35405f29c560886d958d2c9ce27b5c9f0813f62a3,104425,text/plain,imported,Imported per approved mapping; source and destination SHA-256 match.
reference/sample-v1-5.xlsx,reference/approved-v1-workbooks/sample-v1-5.xlsx,ef444cd1350e484d9beb656e98126369ecf05d3ea976f047838f732a627e1d54,2293588,application/vnd.openxmlformats-officedocument.spreadsheetml.sheet,imported,Imported per approved mapping; source and destination SHA-256 match.
reference/sample-v1-6.xlsx,reference/approved-v1-workbooks/sample-v1-6.xlsx,eb936845f0f7e19b71b32447702093719cd47130ce265b3536ad46b121a07aae,3029388,application/vnd.openxmlformats-officedocument.spreadsheetml.sheet,imported,Imported per approved mapping; source and destination SHA-256 match.
reference/Signature by Mark.pdf,reference/regulations/Signature by Mark.pdf,55b9121d965603ae8207ed6bcada4503860c773a40ecc3f5d9c21e5329b836bb,173178,application/pdf,imported,Imported per approved mapping; source and destination SHA-256 match.
reference/Small Benefit Payments.pdf,reference/regulations/Small Benefit Payments.pdf,f2b8c871cb9709ebb238b126a253c31fa456d0ae79b2af44bbf6505c3ce0f0db,191691,application/pdf,imported,Imported per approved mapping; source and destination SHA-256 match.
reference/speckit-codex-install-complete.v0.3.md,reference/training/speckit-codex-install-complete.v0.3.md,2309c8aad5b38179a390a687d7abbc7a92f09d07414d83f5724430492c6918cd,11845,application/javascript,imported,Imported per approved mapping; source and destination SHA-256 match.
reference/speckit-codexcli-prompt-init.txt,reference/training/speckit-codexcli-prompt-init.txt,e00bf867f272c57aa5d02b89c162e37cb7309c5dc3af8deb3ff9a90e4931c7f7,2119,text/plain,imported,Imported per approved mapping; source and destination SHA-256 match.
reference/Spousal Consent.pdf,reference/regulations/Spousal Consent.pdf,f6be044cf6667a8f176199f954a8f5653419c14db589c8f0d6570789f412d537,185662,application/pdf,imported,Imported per approved mapping; source and destination SHA-256 match.
reference/Statutory Hybrid Plans.pdf,reference/regulations/Statutory Hybrid Plans.pdf,db233819bd9acf796b7623edd9d66f4610e2edf7cee5679fd1dbeebf4ab3d820,363674,application/pdf,imported,Imported per approved mapping; source and destination SHA-256 match.
"reference/Survivor Annuities - Plans Terminated before August 23, 1984.pdf","reference/regulations/Survivor Annuities - Plans Terminated before August 23, 1984.pdf",1ba91bd075fe28f4237ea3ab261c3c7f74bfb2af82cbe8ace21dcda4196bbe26,200906,application/pdf,imported,Imported per approved mapping; source and destination SHA-256 match.
reference/Treatment of Plan Liability for Premiums.pdf,reference/regulations/Treatment of Plan Liability for Premiums.pdf,c6837d58860c19d521a7f6588a67e3de6422c00fc1624122b5cf33296d29f0d8,140357,application/pdf,imported,Imported per approved mapping; source and destination SHA-256 match.
reference/Underpayment Reimbursement and Interest Payments.pdf,reference/regulations/Underpayment Reimbursement and Interest Payments.pdf,ddfe95546e6cd1c6636b90815c38e57ab47fe16990588809ad00544418a6715e,182460,application/pdf,imported,Imported per approved mapping; source and destination SHA-256 match.
reference/Withholding from Benefit Payments.pdf,reference/regulations/Withholding from Benefit Payments.pdf,5404570f6384e747f150b8e4c1bad58f6fcb52fbafe818f0e16b3e126227bbd1,137282,application/pdf,imported,Imported per approved mapping; source and destination SHA-256 match.
reference/XRD and V1 Programming.pdf,reference/training/XRD and V1 Programming.pdf,d7231be2ed97ead7335a642b34c029c922e64e4fd86221be12e4b299fabdc5ae,697511,application/pdf,imported,Imported per approved mapping; source and destination SHA-256 match.
reference/24884900PF.v0.7.13.xlsx,reference/actuarial-workpapers/24884900PF.v0.7.13.xlsx,0a2ac49608eff490309bfa84ffa0ab3cf07f46d03132f2690e0ea757c1ee23cf,101658,application/vnd.openxmlformats-officedocument.spreadsheetml.sheet,imported,Imported per approved mapping; source and destination SHA-256 match.
reference/pbgc-mock-population-module-main/borra.txt,,af513a9867429952961e04ccbdd9b6f886cc5935c3b9f1d246fceb8a16b93730,5,text/plain,omitted,Approved omission: non-substantive placeholder.
reference/Plan Summary Sample.docx,reference/training/plan-summaries/Plan Summary Sample.docx,c1cde611215ff3a1b2571a480d81939208838a84686e4c060d603f2d90d12756,50545,application/vnd.openxmlformats-officedocument.wordprocessingml.document,imported,Imported per approved mapping; source and destination SHA-256 match.
reference/Plan Summary Shell.docx,reference/training/plan-summaries/Plan Summary Shell.docx,e3164f6ea2a90d2e1ab0b3b7b11486e8a41be169b30f7997a0abb4059aeae2f1,47953,application/vnd.openxmlformats-officedocument.wordprocessingml.document,imported,Imported per approved mapping; source and destination SHA-256 match.
reference/processing-manual.pdf,reference/training/internal/processing-manual.pdf,5cf3998bd4e2d8c274113dc33f3831a1b1c8aad0859838c8d0569125e0b02d14,4998462,application/pdf,imported,Imported per approved mapping; source and destination SHA-256 match.
reference/raw-approved-v1-engines/.gitkeep,,01ba4719c80b6fe911b091a7c05124b64eeece964e09c058ef8f9805daca546b,1,application/octet-stream,omitted,Approved omission: source directory placeholder.
